Workbook

Sheet PokemonList
A1: Number | B1: Grade | C1: Pokémon | D1: Type | E1: Version
A2: 1-1-001 | B2: 6-star | C2: Mewtwo | D2: Psychic | E2: Stardust V1
A3: 1-1-002 | B3: 6-star | C3: Mew | D3: Psychic | E3: Stardust V1
A4: 1-1-003 | B4: 6-star | C4: Zacian | D4: Fairy/Steel | E4: Stardust V1
A5: 1-1-004 | B5: 6-star | C5: Zamazenta | D5: Fight/Steel | E5: Stardust V1
A6: 1-1-005 | B6: 6-star | C6: Tyranitar | D6: Rock/Dark | E6: Stardust V1
A7: 1-1-006 | B7: 6-star | C7: Metagross | D7: Steel/Psychic | E7: Stardust V1
A8: 1-1-007 | B8: 6-star | C8: Miraidon | D8: Elec/Dragon | E8: Stardust V1
A9: 1-1-008 | B9: 6-star | C9: Venusaur | D9: Grass/Poison | E9: Stardust V1
A10: 1-1-009 | B10: 6-star | C10: Charizard | D10: Fire/Flying | E10: Stardust V1
A11: 1-1-010 | B11: 6-star | C11: Blastoise | D11: Water | E11: Stardust V1
A12: 1-1-011 | B12: 5-star | C12: Vaporeon | D12: Water | E12: Stardust V1
... A144: R-1-3 | B144: Special | C144: Pikachu | D144: Electric | E144: Special

Sheet WeaknessChart
A1: Pokémon | B1: Type | C1: ½× Resists | D1: ¼× | E1: 0× Immune
A2: Mewtwo | B2: Psychic | C2: Fighting, Psychic | D2: – | E2: –
A3: Mew | B3: Psychic | C3: Fighting, Psychic | D3: – | E3: –
A4: Zacian | B4: Fairy | C4: Fighting, Bug, Dark | D4: – | E4: Dragon
A5: Zamazenta | B5: Fighting | C5: Rock, Bug, Dark | D5: – | E5: –
A6: Tyranitar | B6: Rock/Dark | C6: Normal, Flying, Poison, Fire, Dark | D6: – | E6: Psychic
A7: Metagross | B7: Steel/Psychic | C7: Normal, Flying, Rock, Grass, Ice, Dragon, Steel, Fairy | D7: Psychic | E7: Poison
A8: Miraidon | B8: Electric/Dragon | C8: Fire, Water, Grass, Electric, Flying, Steel | D8: – | E8: –
A9: Venusaur | B9: Grass/Poison | C9: Water, Electric, Fighting, Fairy | D9: Grass | E9: –
A10: Charizard | B10: Fire/Flying | C10: Fire, Fighting, Steel, Fairy | D10: Grass | E10: Ground
A11: Blastoise | B11: Water | C11: Fire, Water, Ice, Steel | D11: – | E11: –
A12: Vaporeon | B12: Water | C12: Fire, Water, Ice, Steel | D12: – | E12: –
... A133: Lucario | B133: Fighting/Steel | C133: Normal, Grass, Ice, Rock, Dark, Steel | D133: – | E133: Poison

Sheet Stars
A1: Tag ID | B1: Pokémon | C1: Star Rarity
A2: 1-2-001 | B2: Kyogre | C2: 6-star
A3: 1-2-002 | B3: Groudon | C3: 6-star
A4: 1-2-003 | B4: Koraidon | C4: 6-star
A5: 1-2-004 | B5: Pikachu | C5: 6-star
A6: 1-2-005 | B6: Snorlax | C6: 6-star
A7: 1-2-006 | B7: Kommo-o | C7: 6-star
A8: 1-2-007 | B8: Gardevoir | C8: 6-star
A9: 1-2-008 | B9: Reshiram | C9: 6-star
A10: 1-2-009 | B10: Zekrom | C10: 6-star
A11: 1-2-010 | B11: Kyurem | C11: 6-star
A12: 1-2-011 | B12: Jolteon | C12: 5-star
... A144: R-1-3 | B144: Snorlax | C144: Special

Sheet Move_List
A1: Move Name | B1: Type | C1: Damage Class | D1: Power | E1: Accuracy | F1: PP | G1: Effect
A2: Pound | B2: Normal | C2: Physical | D2: 40 | E2: 100 | F2: 35 | G2: Inflicts regular damage with no additional effect.
A3: Karate Chop | B3: Fighting | C3: Physical | D3: 50 | E3: 100 | F3: 25 | G3: Has an increased chance for a critical hit.
A4: Double Slap | B4: Normal | C4: Physical | D4: 15 | E4: 85 | F4: 10 | G4: Hits 2-5 times in one turn.
A5: Comet Punch | B5: Normal | C5: Physical | D5: 18 | E5: 85 | F5: 15 | G5: Hits 2-5 times in one turn.
A6: Mega Punch | B6: Normal | C6: Physical | D6: 80 | E6: 85 | F6: 20 | G6: Inflicts regular damage with no additional effect.
A7: Pay Day | B7: Normal | C7: Physical | D7: 40 | E7: 100 | F7: 20 | G7: Scatters money on the ground worth five times the user’s level.
A8: Fire Punch | B8: Fire | C8: Physical | D8: 75 | E8: 100 | F8: 15 | G8: Has a $effect_chance% chance to burn the target.
A9: Ice Punch | B9: Ice | C9: Physical | D9: 75 | E9: 100 | F9: 15 | G9: Has a $effect_chance% chance to freeze the target.
A10: Thunder Punch | B10: Electric | C10: Physical | D10: 75 | E10: 100 | F10: 15 | G10: Has a $effect_chance% chance to paralyze the target.
A11: Scratch | B11: Normal | C11: Physical | D11: 40 | E11: 100 | F11: 35 | G11: Inflicts regular damage with no additional effect.
A12: Vice Grip | B12: Normal | C12: Physical | D12: 55 | E12: 100 | F12: 30 | G12: Inflicts regular damage with no additional effect.
A13: Guillotine | B13: Normal | C13: Physical | E13: 30 | F13: 5 | G13: Causes a one-hit KO.
A14: Razor Wind | B14: Normal | C14: Special | D14: 80 | E14: 100 | F14: 10 | G14: Requires a turn to charge before attacking.
A15: Swords Dance | B15: Normal | C15: Status | F15: 20 | G15: Raises the user’s Attack by two stages.
A16: Cut | B16: Normal | C16: Physical | D16: 50 | E16: 95 | F16: 30 | G16: Inflicts regular damage with no additional effect.
A17: Gust | B17: Flying | C17: Special | D17: 40 | E17: 100 | F17: 35 | G17: Inflicts regular damage and can hit Pokémon in the air.
A18: Wing Attack | B18: Flying | C18: Physical | D18: 60 | E18: 100 | F18: 35 | G18: Inflicts regular damage with no additional effect.
A19: Whirlwind | B19: Normal | C19: Status | F19: 20 | G19: Immediately ends wild battles. Forces trainers to switch Pokémon.
A20: Fly | B20: Flying | C20: Physical | D20: 90 | E20: 95 | F20: 15 | G20: User flies high into the air, dodging all attacks, and hits next turn.
A21: Bind | B21: Normal | C21: Physical | D21: 15 | E21: 85 | F21: 20 | G21: Prevents the target from fleeing and inflicts damage for 2-5 turns.
A22: Slam | B22: Normal | C22: Physical | D22: 80 | E22: 75 | F22: 20 | G22: Inflicts regular damage with no additional effect.
A23: Vine Whip | B23: Grass | C23: Physical | D23: 45 | E23: 100 | F23: 25 | G23: Inflicts regular damage with no additional effect.
A24: Stomp | B24: Normal | C24: Physical | D24: 65 | E24: 100 | F24: 20 | G24: Has a $effect_chance% chance to make the target flinch.
A25: Double Kick | B25: Fighting | C25: Physical | D25: 30 | E25: 100 | F25: 30 | G25: Hits twice in one turn.
A26: Mega Kick | B26: Normal | C26: Physical | D26: 120 | E26: 75 | F26: 5 | G26: Inflicts regular damage with no additional effect.
A27: Jump Kick | B27: Fighting | C27: Physical | D27: 100 | E27: 95 | F27: 10 | G27: If the user misses, it takes half the damage it would have inflicted in recoil.
A28: Rolling Kick | B28: Fighting | C28: Physical | D28: 60 | E28: 85 | F28: 15 | G28: Has a $effect_chance% chance to make the target flinch.
A29: Sand Attack | B29: Ground | C29: Status | E29: 100 | F29: 15 | G29: Lowers the target’s accuracy by one stage.
A30: Headbutt | B30: Normal | C30: Physical | D30: 70 | E30: 100 | F30: 15 | G30: Has a $effect_chance% chance to make the target flinch.
A31: Horn Attack | B31: Normal | C31: Physical | D31: 65 | E31: 100 | F31: 25 | G31: Inflicts regular damage with no additional effect.
A32: Fury Attack | B32: Normal | C32: Physical | D32: 15 | E32: 85 | F32: 20 | G32: Hits 2-5 times in one turn.
A33: Horn Drill | B33: Normal | C33: Physical | E33: 30 | F33: 5 | G33: Causes a one-hit KO.
A34: Tackle | B34: Normal | C34: Physical | D34: 40 | E34: 100 | F34: 35 | G34: Inflicts regular damage with no additional effect.
A35: Body Slam | B35: Normal | C35: Physical | D35: 85 | E35: 100 | F35: 15 | G35: Has a $effect_chance% chance to paralyze the target.
A36: Wrap | B36: Normal | C36: Physical | D36: 15 | E36: 90 | F36: 20 | G36: Prevents the target from fleeing and inflicts damage for 2-5 turns.
A37: Take Down | B37: Normal | C37: Physical | D37: 90 | E37: 85 | F37: 20 | G37: User receives 1/4 the damage it inflicts in recoil.
A38: Thrash | B38: Normal | C38: Physical | D38: 120 | E38: 100 | F38: 10 | G38: Hits every turn for 2-3 turns, then confuses the user.
A39: Double Edge | B39: Normal | C39: Physical | D39: 120 | E39: 100 | F39: 15 | G39: User receives 1/3 the damage inflicted in recoil.
A40: Tail Whip | B40: Normal | C40: Status | E40: 100 | F40: 30 | G40: Lowers the target’s Defense by one stage.
A41: Poison Sting | B41: Poison | C41: Physical | D41: 15 | E41: 100 | F41: 35 | G41: Has a $effect_chance% chance to poison the target.
A42: Twineedle | B42: Bug | C42: Physical | D42: 25 | E42: 100 | F42: 20 | G42: Hits twice in the same turn. Has a $effect_chance% chance to poison the target.
A43: Pin Missile | B43: Bug | C43: Physical | D43: 25 | E43: 95 | F43: 20 | G43: Hits 2-5 times in one turn.
A44: Leer | B44: Normal | C44: Status | E44: 100 | F44: 30 | G44: Lowers the target’s Defense by one stage.
A45: Bite | B45: Dark | C45: Physical | D45: 60 | E45: 100 | F45: 25 | G45: Has a $effect_chance% chance to make the target flinch.
A46: Growl | B46: Normal | C46: Status | E46: 100 | F46: 40 | G46: Lowers the target’s Attack by one stage.
A47: Roar | B47: Normal | C47: Status | F47: 20 | G47: Immediately ends wild battles. Forces trainers to switch Pokémon.
A48: Sing | B48: Normal | C48: Status | E48: 55 | F48: 15 | G48: Puts the target to sleep.
A49: Supersonic | B49: Normal | C49: Status | E49: 55 | F49: 20 | G49: Confuses the target.
A50: Sonic Boom | B50: Normal | C50: Special | E50: 90 | F50: 20 | G50: Inflicts 20 points of damage.
A51: Disable | B51: Normal | C51: Status | E51: 100 | F51: 20 | G51: Disables the target’s last used move for 1-8 turns.
A52: Acid | B52: Poison | C52: Special | D52: 40 | E52: 100 | F52: 30 | G52: Has a $effect_chance% chance to lower the target’s Special Defense by one stage.
A53: Ember | B53: Fire | C53: Special | D53: 40 | E53: 100 | F53: 25 | G53: Has a $effect_chance% chance to burn the target.
A54: Flamethrower | B54: Fire | C54: Special | D54: 90 | E54: 100 | F54: 15 | G54: Has a $effect_chance% chance to burn the target.
A55: Mist | B55: Ice | C55: Status | F55: 30 | G55: Protects the user’s stats from being changed by enemy moves.
A56: Water Gun | B56: Water | C56: Special | D56: 40 | E56: 100 | F56: 25 | G56: Inflicts regular damage with no additional effect.
A57: Hydro Pump | B57: Water | C57: Special | D57: 110 | E57: 80 | F57: 5 | G57: Inflicts regular damage with no additional effect.
A58: Surf | B58: Water | C58: Special | D58: 90 | E58: 100 | F58: 15 | G58: Inflicts regular damage and can hit Dive users.
A59: Ice Beam | B59: Ice | C59: Special | D59: 90 | E59: 100 | F59: 10 | G59: Has a $effect_chance% chance to freeze the target.
A60: Blizzard | B60: Ice | C60: Special | D60: 110 | E60: 70 | F60: 5 | G60: Has a $effect_chance% chance to freeze the target.
A61: Psybeam | B61: Psychic | C61: Special | D61: 65 | E61: 100 | F61: 20 | G61: Has a $effect_chance% chance to confuse the target.
A62: Bubble Beam | B62: Water | C62: Special | D62: 65 | E62: 100 | F62: 20 | G62: Has a $effect_chance% chance to lower the target’s Speed by one stage.
A63: Aurora Beam | B63: Ice | C63: Special | D63: 65 | E63: 100 | F63: 20 | G63: Has a $effect_chance% chance to lower the target’s Attack by one stage.
A64: Hyper Beam | B64: Normal | C64: Special | D64: 150 | E64: 90 | F64: 5 | G64: User foregoes its next turn to recharge.
A65: Peck | B65: Flying | C65: Physical | D65: 35 | E65: 100 | F65: 35 | G65: Inflicts regular damage with no additional effect.
A66: Drill Peck | B66: Flying | C66: Physical | D66: 80 | E66: 100 | F66: 20 | G66: Inflicts regular damage with no additional effect.
A67: Submission | B67: Fighting | C67: Physical | D67: 80 | E67: 80 | F67: 20 | G67: User receives 1/4 the damage it inflicts in recoil.
A68: Low Kick | B68: Fighting | C68: Physical | E68: 100 | F68: 20 | G68: Inflicts more damage to heavier targets, with a maximum of 120 power.
A69: Counter | B69: Fighting | C69: Physical | E69: 100 | F69: 20 | G69: Inflicts twice the damage the user received from the last physical hit it took.
A70: Seismic Toss | B70: Fighting | C70: Physical | E70: 100 | F70: 20 | G70: Inflicts damage equal to the user’s level.
A71: Strength | B71: Normal | C71: Physical | D71: 80 | E71: 100 | F71: 15 | G71: Inflicts regular damage with no additional effect.
A72: Absorb | B72: Grass | C72: Special | D72: 20 | E72: 100 | F72: 25 | G72: Drains half the damage inflicted to heal the user.
A73: Mega Drain | B73: Grass | C73: Special | D73: 40 | E73: 100 | F73: 15 | G73: Drains half the damage inflicted to heal the user.
A74: Leech Seed | B74: Grass | C74: Status | E74: 90 | F74: 10 | G74: Seeds the target, stealing HP from it every turn.
A75: Growth | B75: Normal | C75: Status | F75: 20 | G75: Raises the user’s Attack and Special Attack by one stage.
A76: Razor Leaf | B76: Grass | C76: Physical | D76: 55 | E76: 95 | F76: 25 | G76: Has an increased chance for a critical hit.
A77: Solar Beam | B77: Grass | C77: Special | D77: 120 | E77: 100 | F77: 10 | G77: Requires a turn to charge before attacking.
A78: Poison Powder | B78: Poison | C78: Status | E78: 75 | F78: 35 | G78: Poisons the target.
A79: Stun Spore | B79: Grass | C79: Status | E79: 75 | F79: 30 | G79: Paralyzes the target.
A80: Sleep Powder | B80: Grass | C80: Status | E80: 75 | F80: 15 | G80: Puts the target to sleep.
A81: Petal Dance | B81: Grass | C81: Special | D81: 120 | E81: 100 | F81: 10 | G81: Hits every turn for 2-3 turns, then confuses the user.
A82: String Shot | B82: Bug | C82: Status | E82: 95 | F82: 40 | G82: Lowers the target’s Speed by two stages.
A83: Dragon Rage | B83: Dragon | C83: Special | E83: 100 | F83: 10 | G83: Inflicts 40 points of damage.
A84: Fire Spin | B84: Fire | C84: Special | D84: 35 | E84: 85 | F84: 15 | G84: Prevents the target from fleeing and inflicts damage for 2-5 turns.
A85: Thunder Shock | B85: Electric | C85: Special | D85: 40 | E85: 100 | F85: 30 | G85: Has a $effect_chance% chance to paralyze the target.
A86: Thunderbolt | B86: Electric | C86: Special | D86: 90 | E86: 100 | F86: 15 | G86: Has a $effect_chance% chance to paralyze the target.
A87: Thunder Wave | B87: Electric | C87: Status | E87: 90 | F87: 20 | G87: Paralyzes the target.
A88: Thunder | B88: Electric | C88: Special | D88: 110 | E88: 70 | F88: 10 | G88: Has a $effect_chance% chance to paralyze the target.
A89: Rock Throw | B89: Rock | C89: Physical | D89: 50 | E89: 90 | F89: 15 | G89: Inflicts regular damage with no additional effect.
A90: Earthquake | B90: Ground | C90: Physical | D90: 100 | E90: 100 | F90: 10 | G90: Inflicts regular damage and can hit Dig users.
A91: Fissure | B91: Ground | C91: Physical | E91: 30 | F91: 5 | G91: Causes a one-hit KO.
A92: Dig | B92: Ground | C92: Physical | D92: 80 | E92: 100 | F92: 10 | G92: User digs underground, dodging all attacks, and hits next turn.
A93: Toxic | B93: Poison | C93: Status | E93: 90 | F93: 10 | G93: Badly poisons the target, inflicting more damage every turn.
A94: Confusion | B94: Psychic | C94: Special | D94: 50 | E94: 100 | F94: 25 | G94: Has a $effect_chance% chance to confuse the target.
A95: Psychic | B95: Psychic | C95: Special | D95: 90 | E95: 100 | F95: 10 | G95: Has a $effect_chance% chance to lower the target’s Special Defense by one stage.
A96: Hypnosis | B96: Psychic | C96: Status | E96: 60 | F96: 20 | G96: Puts the target to sleep.
A97: Meditate | B97: Psychic | C97: Status | F97: 40 | G97: Raises the user’s Attack by one stage.
A98: Agility | B98: Psychic | C98: Status | F98: 30 | G98: Raises the user’s Speed by two stages.
A99: Quick Attack | B99: Normal | C99: Physical | D99: 40 | E99: 100 | F99: 30 | G99: Inflicts regular damage with no additional effect.
A100: Rage | B100: Normal | C100: Physical | D100: 20 | E100: 100 | F100: 20 | G100: If the user is hit after using this move, its Attack rises by one stage.
...

Sheet MoveList_OLD
A1: Move Name | B1: Type | C1: Category | D1: Adjusted Power
A2: Inferno Overdrive | B2: Fire | C2: Z-Move | D2: 200
A3: Tectonic Rage | B3: Ground | C3: Z-Move | D3: 200
A4: Gigavolt Havoc | B4: Electric | C4: Z-Move | D4: 200
A5: All-Out Pummeling | B5: Fighting | C5: Z-Move | D5: 200
A6: Corkscrew Crash | B6: Steel | C6: Z-Move | D6: 200
A7: Max Rockfall | B7: Rock | C7: Dynamax | D7: 160
A8: Max Steelspike | B8: Steel | C8: Dynamax | D8: 160
A9: Max Lightning | B9: Electric | C9: Dynamax | D9: 160
A10: Max Quake | B10: Ground | C10: Dynamax | D10: 160
A11: Max Strike | B11: Normal | C11: Dynamax | D11: 160
A12: Max Knuckle | B12: Fighting | C12: Dynamax | D12: 140
A13: Electro Drift | B13: Electric | C13: Special | D13: 130
... A104: Teleport | B104: Psychic | C104: Status | D104: 0

Sheet Main_Table
A1: Number | B1: Pokemon | C1: Star | D1: Normal/Special Move | E1: Gimmick Move | F1: Move Accuracy | G1: PE | H1: SPD | I1: Sp.A | J1: Sp.D | K1: ATK | L1: DEF | M1: HP | N1: Normal Damage | O1: Gimmick Move Damage | P1: Survivability | Q1: Hunt Power | R1: PE Efficiency
A2: 1-2-005 | B2: Snorlax | C2: =_xlfn.XLOOKUP(A2,Stars!A:A,Stars!C:C) -> 6-star | D2: Giga Impact | E2: Max Strike | F2: 1 | G2: 144 | H2: 39 | I2: 80 | J2: 132 | K2: 132 | L2: 80 | M2: 253 | N2: {=IFERROR(_xlfn.XLOOKUP(D2, Move_List!$A:$A, Move_List!$D:$D) * _xlfn.IFS(UPPER(TRIM(_xlfn.XLOOKUP(D2, Move_List!$A:$A, Move_List!$C:$C)))="PHYSICAL", K2, UPPER(TRIM(_xlfn.XLOOKUP(D2, Move_List!$A:$A, Move_List!$C:$C)))="SPECIAL", I2, TRUE, 0), 0)} -> 19800 | O2: {=IFERROR( _xlfn.XLOOKUP(D2, Move_List!$A:$A, Move_List!$D:$D) * _xlfn.IFS( ISNUMBER(SEARCH("Max", E2)), LOOKUP(_xlfn.XLOOKUP(D2, Move_List!$A:$A, Move_List!$D:$D), {0,60,80,110,150}, {2.5,1.83,1.63,1.27,1}), E2<>"", LOOKUP(_xlfn.XLOOKUP(D2, Move_List!$A:$A, Move_List!$D:$D), {0,60,80,90,100,110,120,150}, {2.5,2,2,1.94,1.8,1.68,1.58,1.33}), TRUE, 0 ) * IF(_xlfn.XLOOKUP(D2, Move_List!$A:$A, Move_List!$C:$C)="Physical", K2, I2), 0)} -> 19800 | P2: =(J2 + L2 + M2) / 3 -> 155 | Q2: =IF(O2>0, (N2+O2)/2, N2) * (P2 / 100) -> 30690 | R2: {=IFERROR(Q2 / IF(OR(_xlfn.IFNA(_xlfn.XLOOKUP(E2, Move_List!$A:$A, Move_List!$C:$C), "")={"Dynamax","Mega"}), G2*1.2, G2), 0)} -> 213.125
A3: 1-1-005 | B3: Tyranitar | C3: =_xlfn.XLOOKUP(A3,Stars!A:A,Stars!C:C) -> 6-star | D3: Stone Edge | E3: Max Rockfall | F3: 1 | G3: 144 | H3: 69 | I3: 105 | J3: 111 | K3: 147 | L3: 121 | M3: 169 | N3: {=IFERROR(_xlfn.XLOOKUP(D3, Move_List!$A:$A, Move_List!$D:$D) * _xlfn.IFS(UPPER(TRIM(_xlfn.XLOOKUP(D3, Move_List!$A:$A, Move_List!$C:$C)))="PHYSICAL", K3, UPPER(TRIM(_xlfn.XLOOKUP(D3, Move_List!$A:$A, Move_List!$C:$C)))="SPECIAL", I3, TRUE, 0), 0)} -> 14700 | O3: {=IFERROR( _xlfn.XLOOKUP(D3, Move_List!$A:$A, Move_List!$D:$D) * _xlfn.IFS( ISNUMBER(SEARCH("Max", E3)), LOOKUP(_xlfn.XLOOKUP(D3, Move_List!$A:$A, Move_List!$D:$D), {0,60,80,110,150}, {2.5,1.83,1.63,1.27,1}), E3<>"", LOOKUP(_xlfn.XLOOKUP(D3, Move_List!$A:$A, Move_List!$D:$D), {0,60,80,90,100,110,120,150}, {2.5,2,2,1.94,1.8,1.68,1.58,1.33}), TRUE, 0 ) * IF(_xlfn.XLOOKUP(D3, Move_List!$A:$A, Move_List!$C:$C)="Physical", K3, I3), 0)} -> 23961 | P3: =(J3 + L3 + M3) / 3 -> 133.66667 | Q3: =IF(O3>0, (N3+O3)/2, N3) * (P3 / 100) -> 25838.435 | R3: {=IFERROR(Q3 / IF(OR(_xlfn.IFNA(_xlfn.XLOOKUP(E3, Move_List!$A:$A, Move_List!$C:$C), "")={"Dynamax","Mega"}), G3*1.2, G3), 0)} -> 179.43358
A4: 1-2-002 | B4: Groudon | C4: =_xlfn.XLOOKUP(A4,Stars!A:A,Stars!C:C) -> 6-star | D4: Precipice Blades | F4: 0.85 | G4: 152 | H4: 95 | I4: 105 | J4: 95 | K4: 155 | L4: 145 | M4: 160 | N4: {=IFERROR(_xlfn.XLOOKUP(D4, Move_List!$A:$A, Move_List!$D:$D) * _xlfn.IFS(UPPER(TRIM(_xlfn.XLOOKUP(D4, Move_List!$A:$A, Move_List!$C:$C)))="PHYSICAL", K4, UPPER(TRIM(_xlfn.XLOOKUP(D4, Move_List!$A:$A, Move_List!$C:$C)))="SPECIAL", I4, TRUE, 0), 0)} -> 18600 | O4: {=IFERROR( _xlfn.XLOOKUP(D4, Move_List!$A:$A, Move_List!$D:$D) * _xlfn.IFS( ISNUMBER(SEARCH("Max", E4)), LOOKUP(_xlfn.XLOOKUP(D4, Move_List!$A:$A, Move_List!$D:$D), {0,60,80,110,150}, {2.5,1.83,1.63,1.27,1}), E4<>"", LOOKUP(_xlfn.XLOOKUP(D4, Move_List!$A:$A, Move_List!$D:$D), {0,60,80,90,100,110,120,150}, {2.5,2,2,1.94,1.8,1.68,1.58,1.33}), TRUE, 0 ) * IF(_xlfn.XLOOKUP(D4, Move_List!$A:$A, Move_List!$C:$C)="Physical", K4, I4), 0)} -> 0 | P4: =(J4 + L4 + M4) / 3 -> 133.33333 | Q4: =IF(O4>0, (N4+O4)/2, N4) * (P4 / 100) -> 24800 | R4: {=IFERROR(Q4 / IF(OR(_xlfn.IFNA(_xlfn.XLOOKUP(E4, Move_List!$A:$A, Move_List!$C:$C), "")={"Dynamax","Mega"}), G4*1.2, G4), 0)} -> 163.15789
A5: 1-1-006 | B5: Metagross | C5: =_xlfn.XLOOKUP(A5,Stars!A:A,Stars!C:C) -> 6-star | D5: Meteor Mash | E5: Max Steelspike | F5: 1 | G5: 144 | H5: 79 | I5: 105 | J5: 100 | K5: 148 | L5: 142 | M5: 147 | N5: {=IFERROR(_xlfn.XLOOKUP(D5, Move_List!$A:$A, Move_List!$D:$D) * _xlfn.IFS(UPPER(TRIM(_xlfn.XLOOKUP(D5, Move_List!$A:$A, Move_List!$C:$C)))="PHYSICAL", K5, UPPER(TRIM(_xlfn.XLOOKUP(D5, Move_List!$A:$A, Move_List!$C:$C)))="SPECIAL", I5, TRUE, 0), 0)} -> 13320 | O5: {=IFERROR( _xlfn.XLOOKUP(D5, Move_List!$A:$A, Move_List!$D:$D) * _xlfn.IFS( ISNUMBER(SEARCH("Max", E5)), LOOKUP(_xlfn.XLOOKUP(D5, Move_List!$A:$A, Move_List!$D:$D), {0,60,80,110,150}, {2.5,1.83,1.63,1.27,1}), E5<>"", LOOKUP(_xlfn.XLOOKUP(D5, Move_List!$A:$A, Move_List!$D:$D), {0,60,80,90,100,110,120,150}, {2.5,2,2,1.94,1.8,1.68,1.58,1.33}), TRUE, 0 ) * IF(_xlfn.XLOOKUP(D5, Move_List!$A:$A, Move_List!$C:$C)="Physical", K5, I5), 0)} -> 21711.6 | P5: =(J5 + L5 + M5) / 3 -> 129.66667 | Q5: =IF(O5>0, (N5+O5)/2, N5) * (P5 / 100) -> 22712.154 | R5: {=IFERROR(Q5 / IF(OR(_xlfn.IFNA(_xlfn.XLOOKUP(E5, Move_List!$A:$A, Move_List!$C:$C), "")={"Dynamax","Mega"}), G5*1.2, G5), 0)} -> 157.72329
A6: 1-2-006 | B6: Kommo-o | C6: =_xlfn.XLOOKUP(A6,Stars!A:A,Stars!C:C) -> 6-star | D6: Focus Blast | E6: Max Knuckle | F6: 1 | G6: 158 | H6: 103 | I6: 121 | J6: 126 | K6: 132 | L6: 150 | M6: 155 | N6: {=IFERROR(_xlfn.XLOOKUP(D6, Move_List!$A:$A, Move_List!$D:$D) * _xlfn.IFS(UPPER(TRIM(_xlfn.XLOOKUP(D6, Move_List!$A:$A, Move_List!$C:$C)))="PHYSICAL", K6, UPPER(TRIM(_xlfn.XLOOKUP(D6, Move_List!$A:$A, Move_List!$C:$C)))="SPECIAL", I6, TRUE, 0), 0)} -> 14520 | O6: {=IFERROR( _xlfn.XLOOKUP(D6, Move_List!$A:$A, Move_List!$D:$D) * _xlfn.IFS( ISNUMBER(SEARCH("Max", E6)), LOOKUP(_xlfn.XLOOKUP(D6, Move_List!$A:$A, Move_List!$D:$D), {0,60,80,110,150}, {2.5,1.83,1.63,1.27,1}), E6<>"", LOOKUP(_xlfn.XLOOKUP(D6, Move_List!$A:$A, Move_List!$D:$D), {0,60,80,90,100,110,120,150}, {2.5,2,2,1.94,1.8,1.68,1.58,1.33}), TRUE, 0 ) * IF(_xlfn.XLOOKUP(D6, Move_List!$A:$A, Move_List!$C:$C)="Physical", K6, I6), 0)} -> 18440.4 | P6: =(J6 + L6 + M6) / 3 -> 143.66667 | Q6: =IF(O6>0, (N6+O6)/2, N6) * (P6 / 100) -> 23676.554 | R6: {=IFERROR(Q6 / IF(OR(_xlfn.IFNA(_xlfn.XLOOKUP(E6, Move_List!$A:$A, Move_List!$C:$C), "")={"Dynamax","Mega"}), G6*1.2, G6), 0)} -> 149.85161
A7: R-1-3 | B7: Snorlax | C7: =_xlfn.XLOOKUP(A7,Stars!A:A,Stars!C:C) -> Special | D7: Giga Impact | E7: Max Strike | F7: 1 | G7: 104 | H7: 29 | I7: 58 | J7: 95 | K7: 95 | L7: 58 | M7: 182 | N7: {=IFERROR(_xlfn.XLOOKUP(D7, Move_List!$A:$A, Move_List!$D:$D) * _xlfn.IFS(UPPER(TRIM(_xlfn.XLOOKUP(D7, Move_List!$A:$A, Move_List!$C:$C)))="PHYSICAL", K7, UPPER(TRIM(_xlfn.XLOOKUP(D7, Move_List!$A:$A, Move_List!$C:$C)))="SPECIAL", I7, TRUE, 0), 0)} -> 14250 | O7: {=IFERROR( _xlfn.XLOOKUP(D7, Move_List!$A:$A, Move_List!$D:$D) * _xlfn.IFS( ISNUMBER(SEARCH("Max", E7)), LOOKUP(_xlfn.XLOOKUP(D7, Move_List!$A:$A, Move_List!$D:$D), {0,60,80,110,150}, {2.5,1.83,1.63,1.27,1}), E7<>"", LOOKUP(_xlfn.XLOOKUP(D7, Move_List!$A:$A, Move_List!$D:$D), {0,60,80,90,100,110,120,150}, {2.5,2,2,1.94,1.8,1.68,1.58,1.33}), TRUE, 0 ) * IF(_xlfn.XLOOKUP(D7, Move_List!$A:$A, Move_List!$C:$C)="Physical", K7, I7), 0)} -> 14250 | P7: =(J7 + L7 + M7) / 3 -> 111.66667 | Q7: =IF(O7>0, (N7+O7)/2, N7) * (P7 / 100) -> 15912.5 | R7: {=IFERROR(Q7 / IF(OR(_xlfn.IFNA(_xlfn.XLOOKUP(E7, Move_List!$A:$A, Move_List!$C:$C), "")={"Dynamax","Mega"}), G7*1.2, G7), 0)} -> 153.00481
A8: 1-2-001 | B8: Kyogre | C8: =_xlfn.XLOOKUP(A8,Stars!A:A,Stars!C:C) -> 6-star | D8: Origin Pulse | F8: 0.85 | G8: 152 | H8: 95 | I8: 155 | J8: 145 | K8: 105 | L8: 95 | M8: 160 | N8: {=IFERROR(_xlfn.XLOOKUP(D8, Move_List!$A:$A, Move_List!$D:$D) * _xlfn.IFS(UPPER(TRIM(_xlfn.XLOOKUP(D8, Move_List!$A:$A, Move_List!$C:$C)))="PHYSICAL", K8, UPPER(TRIM(_xlfn.XLOOKUP(D8, Move_List!$A:$A, Move_List!$C:$C)))="SPECIAL", I8, TRUE, 0), 0)} -> 17050 | O8: {=IFERROR( _xlfn.XLOOKUP(D8, Move_List!$A:$A, Move_List!$D:$D) * _xlfn.IFS( ISNUMBER(SEARCH("Max", E8)), LOOKUP(_xlfn.XLOOKUP(D8, Move_List!$A:$A, Move_List!$D:$D), {0,60,80,110,150}, {2.5,1.83,1.63,1.27,1}), E8<>"", LOOKUP(_xlfn.XLOOKUP(D8, Move_List!$A:$A, Move_List!$D:$D), {0,60,80,90,100,110,120,150}, {2.5,2,2,1.94,1.8,1.68,1.58,1.33}), TRUE, 0 ) * IF(_xlfn.XLOOKUP(D8, Move_List!$A:$A, Move_List!$C:$C)="Physical", K8, I8), 0)} -> 0 | P8: =(J8 + L8 + M8) / 3 -> 133.33333 | Q8: =IF(O8>0, (N8+O8)/2, N8) * (P8 / 100) -> 22733.333 | R8: {=IFERROR(Q8 / IF(OR(_xlfn.IFNA(_xlfn.XLOOKUP(E8, Move_List!$A:$A, Move_List!$C:$C), "")={"Dynamax","Mega"}), G8*1.2, G8), 0)} -> 149.5614
A9: 1-2-021 | B9: Metagross | C9: =_xlfn.XLOOKUP(A9,Stars!A:A,Stars!C:C) -> 5-star | D9: Meteor Mash | E9: Max Steelspike | F9: 1 | G9: 132 | H9: 72 | I9: 96 | J9: 91 | K9: 134 | L9: 129 | M9: 134 | N9: {=IFERROR(_xlfn.XLOOKUP(D9, Move_List!$A:$A, Move_List!$D:$D) * _xlfn.IFS(UPPER(TRIM(_xlfn.XLOOKUP(D9, Move_List!$A:$A, Move_List!$C:$C)))="PHYSICAL", K9, UPPER(TRIM(_xlfn.XLOOKUP(D9, Move_List!$A:$A, Move_List!$C:$C)))="SPECIAL", I9, TRUE, 0), 0)} -> 12060 | O9: {=IFERROR( _xlfn.XLOOKUP(D9, Move_List!$A:$A, Move_List!$D:$D) * _xlfn.IFS( ISNUMBER(SEARCH("Max", E9)), LOOKUP(_xlfn.XLOOKUP(D9, Move_List!$A:$A, Move_List!$D:$D), {0,60,80,110,150}, {2.5,1.83,1.63,1.27,1}), E9<>"", LOOKUP(_xlfn.XLOOKUP(D9, Move_List!$A:$A, Move_List!$D:$D), {0,60,80,90,100,110,120,150}, {2.5,2,2,1.94,1.8,1.68,1.58,1.33}), TRUE, 0 ) * IF(_xlfn.XLOOKUP(D9, Move_List!$A:$A, Move_List!$C:$C)="Physical", K9, I9), 0)} -> 19657.8 | P9: =(J9 + L9 + M9) / 3 -> 118 | Q9: =IF(O9>0, (N9+O9)/2, N9) * (P9 / 100) -> 18713.502 | R9: {=IFERROR(Q9 / IF(OR(_xlfn.IFNA(_xlfn.XLOOKUP(E9, Move_List!$A:$A, Move_List!$C:$C), "")={"Dynamax","Mega"}), G9*1.2, G9), 0)} -> 141.76895
A10: 1-2-009 | B10: Zekrom | C10: =_xlfn.XLOOKUP(A10,Stars!A:A,Stars!C:C) -> 6-star | D10: Fusion Bolt | F10: 1 | G10: 162 | H10: 100 | I10: 132 | J10: 111 | K10: 164 | L10: 132 | M10: 169 | N10: {=IFERROR(_xlfn.XLOOKUP(D10, Move_List!$A:$A, Move_List!$D:$D) * _xlfn.IFS(UPPER(TRIM(_xlfn.XLOOKUP(D10, Move_List!$A:$A, Move_List!$C:$C)))="PHYSICAL", K10, UPPER(TRIM(_xlfn.XLOOKUP(D10, Move_List!$A:$A, Move_List!$C:$C)))="SPECIAL", I10, TRUE, 0), 0)} -> 16400 | O10: {=IFERROR( _xlfn.XLOOKUP(D10, Move_List!$A:$A, Move_List!$D:$D) * _xlfn.IFS( ISNUMBER(SEARCH("Max", E10)), LOOKUP(_xlfn.XLOOKUP(D10, Move_List!$A:$A, Move_List!$D:$D), {0,60,80,110,150}, {2.5,1.83,1.63,1.27,1}), E10<>"", LOOKUP(_xlfn.XLOOKUP(D10, Move_List!$A:$A, Move_List!$D:$D), {0,60,80,90,100,110,120,150}, {2.5,2,2,1.94,1.8,1.68,1.58,1.33}), TRUE, 0 ) * IF(_xlfn.XLOOKUP(D10, Move_List!$A:$A, Move_List!$C:$C)="Physical", K10, I10), 0)} -> 0 | P10: =(J10 + L10 + M10) / 3 -> 137.33333 | Q10: =IF(O10>0, (N10+O10)/2, N10) * (P10 / 100) -> 22522.667 | R10: {=IFERROR(Q10 / IF(OR(_xlfn.IFNA(_xlfn.XLOOKUP(E10, Move_List!$A:$A, Move_List!$C:$C), "")={"Dynamax","Mega"}), G10*1.2, G10), 0)} -> 139.02881
A11: 1-1-003 | B11: Zacian | C11: =_xlfn.XLOOKUP(A11,Stars!A:A,Stars!C:C) -> 6-star | D11: Behemoth Blade | F11: 1 | G11: 162 | H11: 153 | I11: 85 | J11: 120 | K11: 172 | L11: 120 | M11: 152 | N11: {=IFERROR(_xlfn.XLOOKUP(D11, Move_List!$A:$A, Move_List!$D:$D) * _xlfn.IFS(UPPER(TRIM(_xlfn.XLOOKUP(D11, Move_List!$A:$A, Move_List!$C:$C)))="PHYSICAL", K11, UPPER(TRIM(_xlfn.XLOOKUP(D11, Move_List!$A:$A, Move_List!$C:$C)))="SPECIAL", I11, TRUE, 0), 0)} -> 17200 | O11: {=IFERROR( _xlfn.XLOOKUP(D11, Move_List!$A:$A, Move_List!$D:$D) * _xlfn.IFS( ISNUMBER(SEARCH("Max", E11)), LOOKUP(_xlfn.XLOOKUP(D11, Move_List!$A:$A, Move_List!$D:$D), {0,60,80,110,150}, {2.5,1.83,1.63,1.27,1}), E11<>"", LOOKUP(_xlfn.XLOOKUP(D11, Move_List!$A:$A, Move_List!$D:$D), {0,60,80,90,100,110,120,150}, {2.5,2,2,1.94,1.8,1.68,1.58,1.33}), TRUE, 0 ) * IF(_xlfn.XLOOKUP(D11, Move_List!$A:$A, Move_List!$C:$C)="Physical", K11, I11), 0)} -> 0 | P11: =(J11 + L11 + M11) / 3 -> 130.66667 | Q11: =IF(O11>0, (N11+O11)/2, N11) * (P11 / 100) -> 22474.667 | R11: {=IFERROR(Q11 / IF(OR(_xlfn.IFNA(_xlfn.XLOOKUP(E11, Move_List!$A:$A, Move_List!$C:$C), "")={"Dynamax","Mega"}), G11*1.2, G11), 0)} -> 138.73251
A12: 1-2-020 | B12: Tyranitar | C12: =_xlfn.XLOOKUP(A12,Stars!A:A,Stars!C:C) -> 5-star | D12: Stone Edge | E12: Max Rockfall | F12: 1 | G12: 132 | H12: 63 | I12: 96 | J12: 101 | K12: 113 | L12: 110 | M12: 154 | N12: {=IFERROR(_xlfn.XLOOKUP(D12, Move_List!$A:$A, Move_List!$D:$D) * _xlfn.IFS(UPPER(TRIM(_xlfn.XLOOKUP(D12, Move_List!$A:$A, Move_List!$C:$C)))="PHYSICAL", K12, UPPER(TRIM(_xlfn.XLOOKUP(D12, Move_List!$A:$A, Move_List!$C:$C)))="SPECIAL", I12, TRUE, 0), 0)} -> 11300 | O12: {=IFERROR( _xlfn.XLOOKUP(D12, Move_List!$A:$A, Move_List!$D:$D) * _xlfn.IFS( ISNUMBER(SEARCH("Max", E12)), LOOKUP(_xlfn.XLOOKUP(D12, Move_List!$A:$A, Move_List!$D:$D), {0,60,80,110,150}, {2.5,1.83,1.63,1.27,1}), E12<>"", LOOKUP(_xlfn.XLOOKUP(D12, Move_List!$A:$A, Move_List!$D:$D), {0,60,80,90,100,110,120,150}, {2.5,2,2,1.94,1.8,1.68,1.58,1.33}), TRUE, 0 ) * IF(_xlfn.XLOOKUP(D12, Move_List!$A:$A, Move_List!$C:$C)="Physical", K12, I12), 0)} -> 18419 | P12: =(J12 + L12 + M12) / 3 -> 121.66667 | Q12: =IF(O12>0, (N12+O12)/2, N12) * (P12 / 100) -> 18079.058 | R12: {=IFERROR(Q12 / IF(OR(_xlfn.IFNA(_xlfn.XLOOKUP(E12, Move_List!$A:$A, Move_List!$C:$C), "")={"Dynamax","Mega"}), G12*1.2, G12), 0)} -> 136.96256
A13: 1-2-010 | B13: Kyurem | C13: =_xlfn.XLOOKUP(A13,Stars!A:A,Stars!C:C) -> 6-star | D13: Blizzard | F13: 0.7 | G13: 156 | H13: 105 | I13: 142 | J13: 100 | K13: 142 | L13: 100 | M13: 195 | N13: {=IFERROR(_xlfn.XLOOKUP(D13, Move_List!$A:$A, Move_List!$D:$D) * _xlfn.IFS(UPPER(TRIM(_xlfn.XLOOKUP(D13, Move_List!$A:$A, Move_List!$C:$C)))="PHYSICAL", K13, UPPER(TRIM(_xlfn.XLOOKUP(D13, Move_List!$A:$A, Move_List!$C:$C)))="SPECIAL", I13, TRUE, 0), 0)} -> 15620 | O13: {=IFERROR( _xlfn.XLOOKUP(D13, Move_List!$A:$A, Move_List!$D:$D) * _xlfn.IFS( ISNUMBER(SEARCH("Max", E13)), LOOKUP(_xlfn.XLOOKUP(D13, Move_List!$A:$A, Move_List!$D:$D), {0,60,80,110,150}, {2.5,1.83,1.63,1.27,1}), E13<>"", LOOKUP(_xlfn.XLOOKUP(D13, Move_List!$A:$A, Move_List!$D:$D), {0,60,80,90,100,110,120,150}, {2.5,2,2,1.94,1.8,1.68,1.58,1.33}), TRUE, 0 ) * IF(_xlfn.XLOOKUP(D13, Move_List!$A:$A, Move_List!$C:$C)="Physical", K13, I13), 0)} -> 0 | P13: =(J13 + L13 + M13) / 3 -> 131.66667 | Q13: =IF(O13>0, (N13+O13)/2, N13) * (P13 / 100) -> 20566.333 | R13: {=IFERROR(Q13 / IF(OR(_xlfn.IFNA(_xlfn.XLOOKUP(E13, Move_List!$A:$A, Move_List!$C:$C), "")={"Dynamax","Mega"}), G13*1.2, G13), 0)} -> 131.83547
A14: 1-1-014 | B14: Glaceon | C14: =_xlfn.XLOOKUP(A14,Stars!A:A,Stars!C:C) -> 5-star | D14: Blizzard | F14: 1 | G14: 114 | H14: 66 | I14: 127 | J14: 94 | K14: 61 | L14: 108 | M14: 118 | N14: {=IFERROR(_xlfn.XLOOKUP(D14, Move_List!$A:$A, Move_List!$D:$D) * _xlfn.IFS(UPPER(TRIM(_xlfn.XLOOKUP(D14, Move_List!$A:$A, Move_List!$C:$C)))="PHYSICAL", K14, UPPER(TRIM(_xlfn.XLOOKUP(D14, Move_List!$A:$A, Move_List!$C:$C)))="SPECIAL", I14, TRUE, 0), 0)} -> 13970 | O14: {=IFERROR( _xlfn.XLOOKUP(D14, Move_List!$A:$A, Move_List!$D:$D) * _xlfn.IFS( ISNUMBER(SEARCH("Max", E14)), LOOKUP(_xlfn.XLOOKUP(D14, Move_List!$A:$A, Move_List!$D:$D), {0,60,80,110,150}, {2.5,1.83,1.63,1.27,1}), E14<>"", LOOKUP(_xlfn.XLOOKUP(D14, Move_List!$A:$A, Move_List!$D:$D), {0,60,80,90,100,110,120,150}, {2.5,2,2,1.94,1.8,1.68,1.58,1.33}), TRUE, 0 ) * IF(_xlfn.XLOOKUP(D14, Move_List!$A:$A, Move_List!$C:$C)="Physical", K14, I14), 0)} -> 0 | P14: =(J14 + L14 + M14) / 3 -> 106.66667 | Q14: =IF(O14>0, (N14+O14)/2, N14) * (P14 / 100) -> 14901.333 | R14: {=IFERROR(Q14 / IF(OR(_xlfn.IFNA(_xlfn.XLOOKUP(E14, Move_List!$A:$A, Move_List!$C:$C), "")={"Dynamax","Mega"}), G14*1.2, G14), 0)} -> 130.71345
A15: 1-1-001 | B15: Mewtwo | C15: =_xlfn.XLOOKUP(A15,Stars!A:A,Stars!C:C) -> 6-star | D15: Psystrike | F15: 1 | G15: 158 | H15: 140 | I15: 165 | J15: 98 | K15: 119 | L15: 98 | M15: 172 | N15: {=IFERROR(_xlfn.XLOOKUP(D15, Move_List!$A:$A, Move_List!$D:$D) * _xlfn.IFS(UPPER(TRIM(_xlfn.XLOOKUP(D15, Move_List!$A:$A, Move_List!$C:$C)))="PHYSICAL", K15, UPPER(TRIM(_xlfn.XLOOKUP(D15, Move_List!$A:$A, Move_List!$C:$C)))="SPECIAL", I15, TRUE, 0), 0)} -> 16500 | O15: {=IFERROR( _xlfn.XLOOKUP(D15, Move_List!$A:$A, Move_List!$D:$D) * _xlfn.IFS( ISNUMBER(SEARCH("Max", E15)), LOOKUP(_xlfn.XLOOKUP(D15, Move_List!$A:$A, Move_List!$D:$D), {0,60,80,110,150}, {2.5,1.83,1.63,1.27,1}), E15<>"", LOOKUP(_xlfn.XLOOKUP(D15, Move_List!$A:$A, Move_List!$D:$D), {0,60,80,90,100,110,120,150}, {2.5,2,2,1.94,1.8,1.68,1.58,1.33}), TRUE, 0 ) * IF(_xlfn.XLOOKUP(D15, Move_List!$A:$A, Move_List!$C:$C)="Physical", K15, I15), 0)} -> 0 | P15: =(J15 + L15 + M15) / 3 -> 122.66667 | Q15: =IF(O15>0, (N15+O15)/2, N15) * (P15 / 100) -> 20240 | R15: {=IFERROR(Q15 / IF(OR(_xlfn.IFNA(_xlfn.XLOOKUP(E15, Move_List!$A:$A, Move_List!$C:$C), "")={"Dynamax","Mega"}), G15*1.2, G15), 0)} -> 128.10127
A16: 1-1-007 | B16: Miraidon | C16: =_xlfn.XLOOKUP(A16,Stars!A:A,Stars!C:C) -> 6-star | D16: Electro Drift | F16: 1 | G16: 162 | H16: 150 | I16: 150 | J16: 129 | K16: 96 | L16: 113 | M16: 172 | N16: {=IFERROR(_xlfn.XLOOKUP(D16, Move_List!$A:$A, Move_List!$D:$D) * _xlfn.IFS(UPPER(TRIM(_xlfn.XLOOKUP(D16, Move_List!$A:$A, Move_List!$C:$C)))="PHYSICAL", K16, UPPER(TRIM(_xlfn.XLOOKUP(D16, Move_List!$A:$A, Move_List!$C:$C)))="SPECIAL", I16, TRUE, 0), 0)} -> 15000 | O16: {=IFERROR( _xlfn.XLOOKUP(D16, Move_List!$A:$A, Move_List!$D:$D) * _xlfn.IFS( ISNUMBER(SEARCH("Max", E16)), LOOKUP(_xlfn.XLOOKUP(D16, Move_List!$A:$A, Move_List!$D:$D), {0,60,80,110,150}, {2.5,1.83,1.63,1.27,1}), E16<>"", LOOKUP(_xlfn.XLOOKUP(D16, Move_List!$A:$A, Move_List!$D:$D), {0,60,80,90,100,110,120,150}, {2.5,2,2,1.94,1.8,1.68,1.58,1.33}), TRUE, 0 ) * IF(_xlfn.XLOOKUP(D16, Move_List!$A:$A, Move_List!$C:$C)="Physical", K16, I16), 0)} -> 0 | P16: =(J16 + L16 + M16) / 3 -> 138 | Q16: =IF(O16>0, (N16+O16)/2, N16) * (P16 / 100) -> 20700 | R16: {=IFERROR(Q16 / IF(OR(_xlfn.IFNA(_xlfn.XLOOKUP(E16, Move_List!$A:$A, Move_List!$C:$C), "")={"Dynamax","Mega"}), G16*1.2, G16), 0)} -> 127.77778
A17: 1-2-003 | B17: Koraidon | C17: =_xlfn.XLOOKUP(A17,Stars!A:A,Stars!C:C) -> 6-star | D17: Collision Course | F17: 1 | G17: 162 | H17: 150 | I17: 96 | J17: 113 | K17: 150 | L17: 129 | M17: 172 | N17: {=IFERROR(_xlfn.XLOOKUP(D17, Move_List!$A:$A, Move_List!$D:$D) * _xlfn.IFS(UPPER(TRIM(_xlfn.XLOOKUP(D17, Move_List!$A:$A, Move_List!$C:$C)))="PHYSICAL", K17, UPPER(TRIM(_xlfn.XLOOKUP(D17, Move_List!$A:$A, Move_List!$C:$C)))="SPECIAL", I17, TRUE, 0), 0)} -> 15000 | O17: {=IFERROR( _xlfn.XLOOKUP(D17, Move_List!$A:$A, Move_List!$D:$D) * _xlfn.IFS( ISNUMBER(SEARCH("Max", E17)), LOOKUP(_xlfn.XLOOKUP(D17, Move_List!$A:$A, Move_List!$D:$D), {0,60,80,110,150}, {2.5,1.83,1.63,1.27,1}), E17<>"", LOOKUP(_xlfn.XLOOKUP(D17, Move_List!$A:$A, Move_List!$D:$D), {0,60,80,90,100,110,120,150}, {2.5,2,2,1.94,1.8,1.68,1.58,1.33}), TRUE, 0 ) * IF(_xlfn.XLOOKUP(D17, Move_List!$A:$A, Move_List!$C:$C)="Physical", K17, I17), 0)} -> 0 | P17: =(J17 + L17 + M17) / 3 -> 138 | Q17: =IF(O17>0, (N17+O17)/2, N17) * (P17 / 100) -> 20700 | R17: {=IFERROR(Q17 / IF(OR(_xlfn.IFNA(_xlfn.XLOOKUP(E17, Move_List!$A:$A, Move_List!$C:$C), "")={"Dynamax","Mega"}), G17*1.2, G17), 0)} -> 127.77778
A18: 1-1-018 | B18: Rhyperior | C18: =_xlfn.XLOOKUP(A18,Stars!A:A,Stars!C:C) -> 5-star | D18: Earthquake | E18: Tectonic Rage | F18: 1 | G18: 110 | H18: 39 | I18: 53 | J18: 53 | K18: 128 | L18: 119 | M18: 155 | N18: {=IFERROR(_xlfn.XLOOKUP(D18, Move_List!$A:$A, Move_List!$D:$D) * _xlfn.IFS(UPPER(TRIM(_xlfn.XLOOKUP(D18, Move_List!$A:$A, Move_List!$C:$C)))="PHYSICAL", K18, UPPER(TRIM(_xlfn.XLOOKUP(D18, Move_List!$A:$A, Move_List!$C:$C)))="SPECIAL", I18, TRUE, 0), 0)} -> 12800 | O18: {=IFERROR( _xlfn.XLOOKUP(D18, Move_List!$A:$A, Move_List!$D:$D) * _xlfn.IFS( ISNUMBER(SEARCH("Max", E18)), LOOKUP(_xlfn.XLOOKUP(D18, Move_List!$A:$A, Move_List!$D:$D), {0,60,80,110,150}, {2.5,1.83,1.63,1.27,1}), E18<>"", LOOKUP(_xlfn.XLOOKUP(D18, Move_List!$A:$A, Move_List!$D:$D), {0,60,80,90,100,110,120,150}, {2.5,2,2,1.94,1.8,1.68,1.58,1.33}), TRUE, 0 ) * IF(_xlfn.XLOOKUP(D18, Move_List!$A:$A, Move_List!$C:$C)="Physical", K18, I18), 0)} -> 23040 | P18: =(J18 + L18 + M18) / 3 -> 109 | Q18: =IF(O18>0, (N18+O18)/2, N18) * (P18 / 100) -> 19532.8 | R18: {=IFERROR(Q18 / IF(OR(_xlfn.IFNA(_xlfn.XLOOKUP(E18, Move_List!$A:$A, Move_List!$C:$C), "")={"Dynamax","Mega"}), G18*1.2, G18), 0)} -> 177.57091
A19: 1-1-004 | B19: Zamazenta | C19: =_xlfn.XLOOKUP(A19,Stars!A:A,Stars!C:C) -> 6-star | D19: Behemoth Bash | F19: 1 | G19: 162 | H19: 133 | I19: 85 | J19: 150 | K19: 135 | L19: 150 | M19: 152 | N19: {=IFERROR(_xlfn.XLOOKUP(D19, Move_List!$A:$A, Move_List!$D:$D) * _xlfn.IFS(UPPER(TRIM(_xlfn.XLOOKUP(D19, Move_List!$A:$A, Move_List!$C:$C)))="PHYSICAL", K19, UPPER(TRIM(_xlfn.XLOOKUP(D19, Move_List!$A:$A, Move_List!$C:$C)))="SPECIAL", I19, TRUE, 0), 0)} -> 13500 | O19: {=IFERROR( _xlfn.XLOOKUP(D19, Move_List!$A:$A, Move_List!$D:$D) * _xlfn.IFS( ISNUMBER(SEARCH("Max", E19)), LOOKUP(_xlfn.XLOOKUP(D19, Move_List!$A:$A, Move_List!$D:$D), {0,60,80,110,150}, {2.5,1.83,1.63,1.27,1}), E19<>"", LOOKUP(_xlfn.XLOOKUP(D19, Move_List!$A:$A, Move_List!$D:$D), {0,60,80,90,100,110,120,150}, {2.5,2,2,1.94,1.8,1.68,1.58,1.33}), TRUE, 0 ) * IF(_xlfn.XLOOKUP(D19, Move_List!$A:$A, Move_List!$C:$C)="Physical", K19, I19), 0)} -> 0 | P19: =(J19 + L19 + M19) / 3 -> 150.66667 | Q19: =IF(O19>0, (N19+O19)/2, N19) * (P19 / 100) -> 20340 | R19: {=IFERROR(Q19 / IF(OR(_xlfn.IFNA(_xlfn.XLOOKUP(E19, Move_List!$A:$A, Move_List!$C:$C), "")={"Dynamax","Mega"}), G19*1.2, G19), 0)} -> 125.55556
A20: 1-1-008 | B20: Venusaur | C20: =_xlfn.XLOOKUP(A20,Stars!A:A,Stars!C:C) -> 6-star | D20: Leaf Storm | F20: 0.9 | G20: 122 | H20: 85 | I20: 105 | J20: 105 | K20: 87 | L20: 88 | M20: 140 | N20: {=IFERROR(_xlfn.XLOOKUP(D20, Move_List!$A:$A, Move_List!$D:$D) * _xlfn.IFS(UPPER(TRIM(_xlfn.XLOOKUP(D20, Move_List!$A:$A, Move_List!$C:$C)))="PHYSICAL", K20, UPPER(TRIM(_xlfn.XLOOKUP(D20, Move_List!$A:$A, Move_List!$C:$C)))="SPECIAL", I20, TRUE, 0), 0)} -> 13650 | O20: {=IFERROR( _xlfn.XLOOKUP(D20, Move_List!$A:$A, Move_List!$D:$D) * _xlfn.IFS( ISNUMBER(SEARCH("Max", E20)), LOOKUP(_xlfn.XLOOKUP(D20, Move_List!$A:$A, Move_List!$D:$D), {0,60,80,110,150}, {2.5,1.83,1.63,1.27,1}), E20<>"", LOOKUP(_xlfn.XLOOKUP(D20, Move_List!$A:$A, Move_List!$D:$D), {0,60,80,90,100,110,120,150}, {2.5,2,2,1.94,1.8,1.68,1.58,1.33}), TRUE, 0 ) * IF(_xlfn.XLOOKUP(D20, Move_List!$A:$A, Move_List!$C:$C)="Physical", K20, I20), 0)} -> 0 | P20: =(J20 + L20 + M20) / 3 -> 111 | Q20: =IF(O20>0, (N20+O20)/2, N20) * (P20 / 100) -> 15151.5 | R20: {=IFERROR(Q20 / IF(OR(_xlfn.IFNA(_xlfn.XLOOKUP(E20, Move_List!$A:$A, Move_List!$C:$C), "")={"Dynamax","Mega"}), G20*1.2, G20), 0)} -> 124.19262
A21: 1-1-020 | B21: Flygon | C21: =_xlfn.XLOOKUP(A21,Stars!A:A,Stars!C:C) -> 5-star | D21: Earthquake | E21: Max Quake | F21: 1 | G21: 114 | H21: 99 | I21: 80 | J21: 80 | K21: 99 | L21: 80 | M21: 132 | N21: {=IFERROR(_xlfn.XLOOKUP(D21, Move_List!$A:$A, Move_List!$D:$D) * _xlfn.IFS(UPPER(TRIM(_xlfn.XLOOKUP(D21, Move_List!$A:$A, Move_List!$C:$C)))="PHYSICAL", K21, UPPER(TRIM(_xlfn.XLOOKUP(D21, Move_List!$A:$A, Move_List!$C:$C)))="SPECIAL", I21, TRUE, 0), 0)} -> 9900 | O21: {=IFERROR( _xlfn.XLOOKUP(D21, Move_List!$A:$A, Move_List!$D:$D) * _xlfn.IFS( ISNUMBER(SEARCH("Max", E21)), LOOKUP(_xlfn.XLOOKUP(D21, Move_List!$A:$A, Move_List!$D:$D), {0,60,80,110,150}, {2.5,1.83,1.63,1.27,1}), E21<>"", LOOKUP(_xlfn.XLOOKUP(D21, Move_List!$A:$A, Move_List!$D:$D), {0,60,80,90,100,110,120,150}, {2.5,2,2,1.94,1.8,1.68,1.58,1.33}), TRUE, 0 ) * IF(_xlfn.XLOOKUP(D21, Move_List!$A:$A, Move_List!$C:$C)="Physical", K21, I21), 0)} -> 16137 | P21: =(J21 + L21 + M21) / 3 -> 97.333333 | Q21: =IF(O21>0, (N21+O21)/2, N21) * (P21 / 100) -> 12671.34 | R21: {=IFERROR(Q21 / IF(OR(_xlfn.IFNA(_xlfn.XLOOKUP(E21, Move_List!$A:$A, Move_List!$C:$C), "")={"Dynamax","Mega"}), G21*1.2, G21), 0)} -> 111.15211
A22: 1-1-011 | B22: Vaporeon | C22: =_xlfn.XLOOKUP(A22,Stars!A:A,Stars!C:C) -> 5-star | D22: Hydro Pump | F22: 1 | G22: 108 | H22: 62 | I22: 101 | J22: 88 | K22: 62 | L22: 57 | M22: 168 | N22: {=IFERROR(_xlfn.XLOOKUP(D22, Move_List!$A:$A, Move_List!$D:$D) * _xlfn.IFS(UPPER(TRIM(_xlfn.XLOOKUP(D22, Move_List!$A:$A, Move_List!$C:$C)))="PHYSICAL", K22, UPPER(TRIM(_xlfn.XLOOKUP(D22, Move_List!$A:$A, Move_List!$C:$C)))="SPECIAL", I22, TRUE, 0), 0)} -> 11110 | O22: {=IFERROR( _xlfn.XLOOKUP(D22, Move_List!$A:$A, Move_List!$D:$D) * _xlfn.IFS( ISNUMBER(SEARCH("Max", E22)), LOOKUP(_xlfn.XLOOKUP(D22, Move_List!$A:$A, Move_List!$D:$D), {0,60,80,110,150}, {2.5,1.83,1.63,1.27,1}), E22<>"", LOOKUP(_xlfn.XLOOKUP(D22, Move_List!$A:$A, Move_List!$D:$D), {0,60,80,90,100,110,120,150}, {2.5,2,2,1.94,1.8,1.68,1.58,1.33}), TRUE, 0 ) * IF(_xlfn.XLOOKUP(D22, Move_List!$A:$A, Move_List!$C:$C)="Physical", K22, I22), 0)} -> 0 | P22: =(J22 + L22 + M22) / 3 -> 104.33333 | Q22: =IF(O22>0, (N22+O22)/2, N22) * (P22 / 100) -> 11591.433 | R22: {=IFERROR(Q22 / IF(OR(_xlfn.IFNA(_xlfn.XLOOKUP(E22, Move_List!$A:$A, Move_List!$C:$C), "")={"Dynamax","Mega"}), G22*1.2, G22), 0)} -> 107.32809
A23: 1-2-007 | B23: Gardevoir | C23: =_xlfn.XLOOKUP(A23,Stars!A:A,Stars!C:C) -> 6-star | D23: Psychic | F23: 0.95 | G23: 124 | H23: 88 | I23: 135 | J23: 124 | K23: 72 | L23: 72 | M23: 132 | N23: {=IFERROR(_xlfn.XLOOKUP(D23, Move_List!$A:$A, Move_List!$D:$D) * _xlfn.IFS(UPPER(TRIM(_xlfn.XLOOKUP(D23, Move_List!$A:$A, Move_List!$C:$C)))="PHYSICAL", K23, UPPER(TRIM(_xlfn.XLOOKUP(D23, Move_List!$A:$A, Move_List!$C:$C)))="SPECIAL", I23, TRUE, 0), 0)} -> 12150 | O23: {=IFERROR( _xlfn.XLOOKUP(D23, Move_List!$A:$A, Move_List!$D:$D) * _xlfn.IFS( ISNUMBER(SEARCH("Max", E23)), LOOKUP(_xlfn.XLOOKUP(D23, Move_List!$A:$A, Move_List!$D:$D), {0,60,80,110,150}, {2.5,1.83,1.63,1.27,1}), E23<>"", LOOKUP(_xlfn.XLOOKUP(D23, Move_List!$A:$A, Move_List!$D:$D), {0,60,80,90,100,110,120,150}, {2.5,2,2,1.94,1.8,1.68,1.58,1.33}), TRUE, 0 ) * IF(_xlfn.XLOOKUP(D23, Move_List!$A:$A, Move_List!$C:$C)="Physical", K23, I23), 0)} -> 0 | P23: =(J23 + L23 + M23) / 3 -> 109.33333 | Q23: =IF(O23>0, (N23+O23)/2, N23) * (P23 / 100) -> 13284 | R23: {=IFERROR(Q23 / IF(OR(_xlfn.IFNA(_xlfn.XLOOKUP(E23, Move_List!$A:$A, Move_List!$C:$C), "")={"Dynamax","Mega"}), G23*1.2, G23), 0)} -> 107.12903
A24: 1-1-022 | B24: Cinderace | C24: =_xlfn.XLOOKUP(A24,Stars!A:A,Stars!C:C) -> 5-star | D24: Pyro Ball | F24: 1 | G24: 108 | H24: 109 | I24: 62 | J24: 71 | K24: 107 | L24: 71 | M24: 124 | N24: {=IFERROR(_xlfn.XLOOKUP(D24, Move_List!$A:$A, Move_List!$D:$D) * _xlfn.IFS(UPPER(TRIM(_xlfn.XLOOKUP(D24, Move_List!$A:$A, Move_List!$C:$C)))="PHYSICAL", K24, UPPER(TRIM(_xlfn.XLOOKUP(D24, Move_List!$A:$A, Move_List!$C:$C)))="SPECIAL", I24, TRUE, 0), 0)} -> 12840 | O24: {=IFERROR( _xlfn.XLOOKUP(D24, Move_List!$A:$A, Move_List!$D:$D) * _xlfn.IFS( ISNUMBER(SEARCH("Max", E24)), LOOKUP(_xlfn.XLOOKUP(D24, Move_List!$A:$A, Move_List!$D:$D), {0,60,80,110,150}, {2.5,1.83,1.63,1.27,1}), E24<>"", LOOKUP(_xlfn.XLOOKUP(D24, Move_List!$A:$A, Move_List!$D:$D), {0,60,80,90,100,110,120,150}, {2.5,2,2,1.94,1.8,1.68,1.58,1.33}), TRUE, 0 ) * IF(_xlfn.XLOOKUP(D24, Move_List!$A:$A, Move_List!$C:$C)="Physical", K24, I24), 0)} -> 0 | P24: =(J24 + L24 + M24) / 3 -> 88.666667 | Q24: =IF(O24>0, (N24+O24)/2, N24) * (P24 / 100) -> 11384.8 | R24: {=IFERROR(Q24 / IF(OR(_xlfn.IFNA(_xlfn.XLOOKUP(E24, Move_List!$A:$A, Move_List!$C:$C), "")={"Dynamax","Mega"}), G24*1.2, G24), 0)} -> 105.41481
A25: R-1-2 | B25: Lucario | C25: =_xlfn.XLOOKUP(A25,Stars!A:A,Stars!C:C) -> Special | D25: Focus Blast | E25: Max Knuckle | F25: 1 | G25: 102 | H25: 80 | I25: 101 | J25: 63 | K25: 97 | L25: 63 | M25: 110 | N25: {=IFERROR(_xlfn.XLOOKUP(D25, Move_List!$A:$A, Move_List!$D:$D) * _xlfn.IFS(UPPER(TRIM(_xlfn.XLOOKUP(D25, Move_List!$A:$A, Move_List!$C:$C)))="PHYSICAL", K25, UPPER(TRIM(_xlfn.XLOOKUP(D25, Move_List!$A:$A, Move_List!$C:$C)))="SPECIAL", I25, TRUE, 0), 0)} -> 12120 | O25: {=IFERROR( _xlfn.XLOOKUP(D25, Move_List!$A:$A, Move_List!$D:$D) * _xlfn.IFS( ISNUMBER(SEARCH("Max", E25)), LOOKUP(_xlfn.XLOOKUP(D25, Move_List!$A:$A, Move_List!$D:$D), {0,60,80,110,150}, {2.5,1.83,1.63,1.27,1}), E25<>"", LOOKUP(_xlfn.XLOOKUP(D25, Move_List!$A:$A, Move_List!$D:$D), {0,60,80,90,100,110,120,150}, {2.5,2,2,1.94,1.8,1.68,1.58,1.33}), TRUE, 0 ) * IF(_xlfn.XLOOKUP(D25, Move_List!$A:$A, Move_List!$C:$C)="Physical", K25, I25), 0)} -> 15392.4 | P25: =(J25 + L25 + M25) / 3 -> 78.666667 | Q25: =IF(O25>0, (N25+O25)/2, N25) * (P25 / 100) -> 10821.544 | R25: {=IFERROR(Q25 / IF(OR(_xlfn.IFNA(_xlfn.XLOOKUP(E25, Move_List!$A:$A, Move_List!$C:$C), "")={"Dynamax","Mega"}), G25*1.2, G25), 0)} -> 106.09357
A26: 1-2-014 | B26: Sylveon | C26: =_xlfn.XLOOKUP(A26,Stars!A:A,Stars!C:C) -> 5-star | D26: Moonblast | F26: 0.95 | G26: 116 | H26: 62 | I26: 110 | J26: 129 | K26: 67 | L26: 67 | M26: 149 | N26: {=IFERROR(_xlfn.XLOOKUP(D26, Move_List!$A:$A, Move_List!$D:$D) * _xlfn.IFS(UPPER(TRIM(_xlfn.XLOOKUP(D26, Move_List!$A:$A, Move_List!$C:$C)))="PHYSICAL", K26, UPPER(TRIM(_xlfn.XLOOKUP(D26, Move_List!$A:$A, Move_List!$C:$C)))="SPECIAL", I26, TRUE, 0), 0)} -> 10450 | O26: {=IFERROR( _xlfn.XLOOKUP(D26, Move_List!$A:$A, Move_List!$D:$D) * _xlfn.IFS( ISNUMBER(SEARCH("Max", E26)), LOOKUP(_xlfn.XLOOKUP(D26, Move_List!$A:$A, Move_List!$D:$D), {0,60,80,110,150}, {2.5,1.83,1.63,1.27,1}), E26<>"", LOOKUP(_xlfn.XLOOKUP(D26, Move_List!$A:$A, Move_List!$D:$D), {0,60,80,90,100,110,120,150}, {2.5,2,2,1.94,1.8,1.68,1.58,1.33}), TRUE, 0 ) * IF(_xlfn.XLOOKUP(D26, Move_List!$A:$A, Move_List!$C:$C)="Physical", K26, I26), 0)} -> 0 | P26: =(J26 + L26 + M26) / 3 -> 115 | Q26: =IF(O26>0, (N26+O26)/2, N26) * (P26 / 100) -> 12017.5 | R26: {=IFERROR(Q26 / IF(OR(_xlfn.IFNA(_xlfn.XLOOKUP(E26, Move_List!$A:$A, Move_List!$C:$C), "")={"Dynamax","Mega"}), G26*1.2, G26), 0)} -> 103.59914
A27: 1-2-016 | B27: Torterra | C27: =_xlfn.XLOOKUP(A27,Stars!A:A,Stars!C:C) -> 5-star | D27: Earthquake | E27: Tectonic Rage | F27: 1 | G27: 112 | H27: 56 | I27: 74 | J27: 83 | K27: 105 | L27: 101 | M27: 143 | N27: {=IFERROR(_xlfn.XLOOKUP(D27, Move_List!$A:$A, Move_List!$D:$D) * _xlfn.IFS(UPPER(TRIM(_xlfn.XLOOKUP(D27, Move_List!$A:$A, Move_List!$C:$C)))="PHYSICAL", K27, UPPER(TRIM(_xlfn.XLOOKUP(D27, Move_List!$A:$A, Move_List!$C:$C)))="SPECIAL", I27, TRUE, 0), 0)} -> 10500 | O27: {=IFERROR( _xlfn.XLOOKUP(D27, Move_List!$A:$A, Move_List!$D:$D) * _xlfn.IFS( ISNUMBER(SEARCH("Max", E27)), LOOKUP(_xlfn.XLOOKUP(D27, Move_List!$A:$A, Move_List!$D:$D), {0,60,80,110,150}, {2.5,1.83,1.63,1.27,1}), E27<>"", LOOKUP(_xlfn.XLOOKUP(D27, Move_List!$A:$A, Move_List!$D:$D), {0,60,80,90,100,110,120,150}, {2.5,2,2,1.94,1.8,1.68,1.58,1.33}), TRUE, 0 ) * IF(_xlfn.XLOOKUP(D27, Move_List!$A:$A, Move_List!$C:$C)="Physical", K27, I27), 0)} -> 18900 | P27: =(J27 + L27 + M27) / 3 -> 109 | Q27: =IF(O27>0, (N27+O27)/2, N27) * (P27 / 100) -> 16023 | R27: {=IFERROR(Q27 / IF(OR(_xlfn.IFNA(_xlfn.XLOOKUP(E27, Move_List!$A:$A, Move_List!$C:$C), "")={"Dynamax","Mega"}), G27*1.2, G27), 0)} -> 143.0625
A28: 1-1-056 | B28: Mudsdale | C28: =_xlfn.XLOOKUP(A28,Stars!A:A,Stars!C:C) -> 4-star | D28: High Horsepower | F28: 1 | G28: 90 | H28: 31 | I28: 46 | J28: 69 | K28: 100 | L28: 81 | M28: 124 | N28: {=IFERROR(_xlfn.XLOOKUP(D28, Move_List!$A:$A, Move_List!$D:$D) * _xlfn.IFS(UPPER(TRIM(_xlfn.XLOOKUP(D28, Move_List!$A:$A, Move_List!$C:$C)))="PHYSICAL", K28, UPPER(TRIM(_xlfn.XLOOKUP(D28, Move_List!$A:$A, Move_List!$C:$C)))="SPECIAL", I28, TRUE, 0), 0)} -> 9500 | O28: {=IFERROR( _xlfn.XLOOKUP(D28, Move_List!$A:$A, Move_List!$D:$D) * _xlfn.IFS( ISNUMBER(SEARCH("Max", E28)), LOOKUP(_xlfn.XLOOKUP(D28, Move_List!$A:$A, Move_List!$D:$D), {0,60,80,110,150}, {2.5,1.83,1.63,1.27,1}), E28<>"", LOOKUP(_xlfn.XLOOKUP(D28, Move_List!$A:$A, Move_List!$D:$D), {0,60,80,90,100,110,120,150}, {2.5,2,2,1.94,1.8,1.68,1.58,1.33}), TRUE, 0 ) * IF(_xlfn.XLOOKUP(D28, Move_List!$A:$A, Move_List!$C:$C)="Physical", K28, I28), 0)} -> 0 | P28: =(J28 + L28 + M28) / 3 -> 91.333333 | Q28: =IF(O28>0, (N28+O28)/2, N28) * (P28 / 100) -> 8676.6667 | R28: {=IFERROR(Q28 / IF(OR(_xlfn.IFNA(_xlfn.XLOOKUP(E28, Move_List!$A:$A, Move_List!$C:$C), "")={"Dynamax","Mega"}), G28*1.2, G28), 0)} -> 96.407407
A29: 1-1-010 | B29: Blastoise | C29: =_xlfn.XLOOKUP(A29,Stars!A:A,Stars!C:C) -> 6-star | D29: Hydro Pump | F29: 1 | G29: 124 | H29: 83 | I29: 90 | J29: 110 | K29: 88 | L29: 105 | M29: 139 | N29: {=IFERROR(_xlfn.XLOOKUP(D29, Move_List!$A:$A, Move_List!$D:$D) * _xlfn.IFS(UPPER(TRIM(_xlfn.XLOOKUP(D29, Move_List!$A:$A, Move_List!$C:$C)))="PHYSICAL", K29, UPPER(TRIM(_xlfn.XLOOKUP(D29, Move_List!$A:$A, Move_List!$C:$C)))="SPECIAL", I29, TRUE, 0), 0)} -> 9900 | O29: {=IFERROR( _xlfn.XLOOKUP(D29, Move_List!$A:$A, Move_List!$D:$D) * _xlfn.IFS( ISNUMBER(SEARCH("Max", E29)), LOOKUP(_xlfn.XLOOKUP(D29, Move_List!$A:$A, Move_List!$D:$D), {0,60,80,110,150}, {2.5,1.83,1.63,1.27,1}), E29<>"", LOOKUP(_xlfn.XLOOKUP(D29, Move_List!$A:$A, Move_List!$D:$D), {0,60,80,90,100,110,120,150}, {2.5,2,2,1.94,1.8,1.68,1.58,1.33}), TRUE, 0 ) * IF(_xlfn.XLOOKUP(D29, Move_List!$A:$A, Move_List!$C:$C)="Physical", K29, I29), 0)} -> 0 | P29: =(J29 + L29 + M29) / 3 -> 118 | Q29: =IF(O29>0, (N29+O29)/2, N29) * (P29 / 100) -> 11682 | R29: {=IFERROR(Q29 / IF(OR(_xlfn.IFNA(_xlfn.XLOOKUP(E29, Move_List!$A:$A, Move_List!$C:$C), "")={"Dynamax","Mega"}), G29*1.2, G29), 0)} -> 94.209677
A30: 1-2-017 | B30: Infernape | C30: =_xlfn.XLOOKUP(A30,Stars!A:A,Stars!C:C) -> 5-star | D30: Close Combat | E30: All-Out Pummeling | F30: 1 | G30: 114 | H30: 104 | I30: 100 | J30: 70 | K30: 100 | L30: 70 | M30: 125 | N30: {=IFERROR(_xlfn.XLOOKUP(D30, Move_List!$A:$A, Move_List!$D:$D) * _xlfn.IFS(UPPER(TRIM(_xlfn.XLOOKUP(D30, Move_List!$A:$A, Move_List!$C:$C)))="PHYSICAL", K30, UPPER(TRIM(_xlfn.XLOOKUP(D30, Move_List!$A:$A, Move_List!$C:$C)))="SPECIAL", I30, TRUE, 0), 0)} -> 12000 | O30: {=IFERROR( _xlfn.XLOOKUP(D30, Move_List!$A:$A, Move_List!$D:$D) * _xlfn.IFS( ISNUMBER(SEARCH("Max", E30)), LOOKUP(_xlfn.XLOOKUP(D30, Move_List!$A:$A, Move_List!$D:$D), {0,60,80,110,150}, {2.5,1.83,1.63,1.27,1}), E30<>"", LOOKUP(_xlfn.XLOOKUP(D30, Move_List!$A:$A, Move_List!$D:$D), {0,60,80,90,100,110,120,150}, {2.5,2,2,1.94,1.8,1.68,1.58,1.33}), TRUE, 0 ) * IF(_xlfn.XLOOKUP(D30, Move_List!$A:$A, Move_List!$C:$C)="Physical", K30, I30), 0)} -> 18960 | P30: =(J30 + L30 + M30) / 3 -> 88.333333 | Q30: =IF(O30>0, (N30+O30)/2, N30) * (P30 / 100) -> 13674 | R30: {=IFERROR(Q30 / IF(OR(_xlfn.IFNA(_xlfn.XLOOKUP(E30, Move_List!$A:$A, Move_List!$C:$C), "")={"Dynamax","Mega"}), G30*1.2, G30), 0)} -> 119.94737
A31: 1-2-008 | B31: Reshiram | C31: =_xlfn.XLOOKUP(A31,Stars!A:A,Stars!C:C) -> 6-star | D31: Fusion Flare | F31: 1 | G31: 162 | H31: 84 | I31: 137 | J31: 124 | K31: 72 | L31: 72 | M31: 132 | N31: {=IFERROR(_xlfn.XLOOKUP(D31, Move_List!$A:$A, Move_List!$D:$D) * _xlfn.IFS(UPPER(TRIM(_xlfn.XLOOKUP(D31, Move_List!$A:$A, Move_List!$C:$C)))="PHYSICAL", K31, UPPER(TRIM(_xlfn.XLOOKUP(D31, Move_List!$A:$A, Move_List!$C:$C)))="SPECIAL", I31, TRUE, 0), 0)} -> 13700 | O31: {=IFERROR( _xlfn.XLOOKUP(D31, Move_List!$A:$A, Move_List!$D:$D) * _xlfn.IFS( ISNUMBER(SEARCH("Max", E31)), LOOKUP(_xlfn.XLOOKUP(D31, Move_List!$A:$A, Move_List!$D:$D), {0,60,80,110,150}, {2.5,1.83,1.63,1.27,1}), E31<>"", LOOKUP(_xlfn.XLOOKUP(D31, Move_List!$A:$A, Move_List!$D:$D), {0,60,80,90,100,110,120,150}, {2.5,2,2,1.94,1.8,1.68,1.58,1.33}), TRUE, 0 ) * IF(_xlfn.XLOOKUP(D31, Move_List!$A:$A, Move_List!$C:$C)="Physical", K31, I31), 0)} -> 0 | P31: =(J31 + L31 + M31) / 3 -> 109.33333 | Q31: =IF(O31>0, (N31+O31)/2, N31) * (P31 / 100) -> 14978.667 | R31: {=IFERROR(Q31 / IF(OR(_xlfn.IFNA(_xlfn.XLOOKUP(E31, Move_List!$A:$A, Move_List!$C:$C), "")={"Dynamax","Mega"}), G31*1.2, G31), 0)} -> 92.460905
A32: 1-1-062 | B32: Vikavolt | C32: =_xlfn.XLOOKUP(A32,Stars!A:A,Stars!C:C) -> 4-star | D32: Thunderbolt | F32: 1 | G32: 88 | H32: 35 | I32: 113 | J32: 60 | K32: 56 | L32: 71 | M32: 103 | N32: {=IFERROR(_xlfn.XLOOKUP(D32, Move_List!$A:$A, Move_List!$D:$D) * _xlfn.IFS(UPPER(TRIM(_xlfn.XLOOKUP(D32, Move_List!$A:$A, Move_List!$C:$C)))="PHYSICAL", K32, UPPER(TRIM(_xlfn.XLOOKUP(D32, Move_List!$A:$A, Move_List!$C:$C)))="SPECIAL", I32, TRUE, 0), 0)} -> 10170 | O32: {=IFERROR( _xlfn.XLOOKUP(D32, Move_List!$A:$A, Move_List!$D:$D) * _xlfn.IFS( ISNUMBER(SEARCH("Max", E32)), LOOKUP(_xlfn.XLOOKUP(D32, Move_List!$A:$A, Move_List!$D:$D), {0,60,80,110,150}, {2.5,1.83,1.63,1.27,1}), E32<>"", LOOKUP(_xlfn.XLOOKUP(D32, Move_List!$A:$A, Move_List!$D:$D), {0,60,80,90,100,110,120,150}, {2.5,2,2,1.94,1.8,1.68,1.58,1.33}), TRUE, 0 ) * IF(_xlfn.XLOOKUP(D32, Move_List!$A:$A, Move_List!$C:$C)="Physical", K32, I32), 0)} -> 0 | P32: =(J32 + L32 + M32) / 3 -> 78 | Q32: =IF(O32>0, (N32+O32)/2, N32) * (P32 / 100) -> 7932.6 | R32: {=IFERROR(Q32 / IF(OR(_xlfn.IFNA(_xlfn.XLOOKUP(E32, Move_List!$A:$A, Move_List!$C:$C), "")={"Dynamax","Mega"}), G32*1.2, G32), 0)} -> 90.143182
A33: 1-1-025 | B33: Keldeo | C33: =_xlfn.XLOOKUP(A33,Stars!A:A,Stars!C:C) -> 5-star | D33: Secret Sword | F33: 1 | G33: 122 | H33: 104 | I33: 123 | J33: 87 | K33: 71 | L33: 87 | M33: 139 | N33: {=IFERROR(_xlfn.XLOOKUP(D33, Move_List!$A:$A, Move_List!$D:$D) * _xlfn.IFS(UPPER(TRIM(_xlfn.XLOOKUP(D33, Move_List!$A:$A, Move_List!$C:$C)))="PHYSICAL", K33, UPPER(TRIM(_xlfn.XLOOKUP(D33, Move_List!$A:$A, Move_List!$C:$C)))="SPECIAL", I33, TRUE, 0), 0)} -> 10455 | O33: {=IFERROR( _xlfn.XLOOKUP(D33, Move_List!$A:$A, Move_List!$D:$D) * _xlfn.IFS( ISNUMBER(SEARCH("Max", E33)), LOOKUP(_xlfn.XLOOKUP(D33, Move_List!$A:$A, Move_List!$D:$D), {0,60,80,110,150}, {2.5,1.83,1.63,1.27,1}), E33<>"", LOOKUP(_xlfn.XLOOKUP(D33, Move_List!$A:$A, Move_List!$D:$D), {0,60,80,90,100,110,120,150}, {2.5,2,2,1.94,1.8,1.68,1.58,1.33}), TRUE, 0 ) * IF(_xlfn.XLOOKUP(D33, Move_List!$A:$A, Move_List!$C:$C)="Physical", K33, I33), 0)} -> 0 | P33: =(J33 + L33 + M33) / 3 -> 104.33333 | Q33: =IF(O33>0, (N33+O33)/2, N33) * (P33 / 100) -> 10908.05 | R33: {=IFERROR(Q33 / IF(OR(_xlfn.IFNA(_xlfn.XLOOKUP(E33, Move_List!$A:$A, Move_List!$C:$C), "")={"Dynamax","Mega"}), G33*1.2, G33), 0)} -> 89.410246
A34: 1-2-012 | B34: Espeon | C34: =_xlfn.XLOOKUP(A34,Stars!A:A,Stars!C:C) -> 5-star | D34: Psychic | F34: 1 | G34: 112 | H34: 106 | I34: 124 | J34: 92 | K34: 64 | L34: 60 | M34: 115 | N34: {=IFERROR(_xlfn.XLOOKUP(D34, Move_List!$A:$A, Move_List!$D:$D) * _xlfn.IFS(UPPER(TRIM(_xlfn.XLOOKUP(D34, Move_List!$A:$A, Move_List!$C:$C)))="PHYSICAL", K34, UPPER(TRIM(_xlfn.XLOOKUP(D34, Move_List!$A:$A, Move_List!$C:$C)))="SPECIAL", I34, TRUE, 0), 0)} -> 11160 | O34: {=IFERROR( _xlfn.XLOOKUP(D34, Move_List!$A:$A, Move_List!$D:$D) * _xlfn.IFS( ISNUMBER(SEARCH("Max", E34)), LOOKUP(_xlfn.XLOOKUP(D34, Move_List!$A:$A, Move_List!$D:$D), {0,60,80,110,150}, {2.5,1.83,1.63,1.27,1}), E34<>"", LOOKUP(_xlfn.XLOOKUP(D34, Move_List!$A:$A, Move_List!$D:$D), {0,60,80,90,100,110,120,150}, {2.5,2,2,1.94,1.8,1.68,1.58,1.33}), TRUE, 0 ) * IF(_xlfn.XLOOKUP(D34, Move_List!$A:$A, Move_List!$C:$C)="Physical", K34, I34), 0)} -> 0 | P34: =(J34 + L34 + M34) / 3 -> 89 | Q34: =IF(O34>0, (N34+O34)/2, N34) * (P34 / 100) -> 9932.4 | R34: {=IFERROR(Q34 / IF(OR(_xlfn.IFNA(_xlfn.XLOOKUP(E34, Move_List!$A:$A, Move_List!$C:$C), "")={"Dynamax","Mega"}), G34*1.2, G34), 0)} -> 88.682143
A35: 1-1-002 | B35: Mew | C35: =_xlfn.XLOOKUP(A35,Stars!A:A,Stars!C:C) -> 6-star | D35: Psychic | F35: 1 | G35: 142 | H35: 109 | I35: 109 | J35: 109 | K35: 109 | L35: 109 | M35: 166 | N35: {=IFERROR(_xlfn.XLOOKUP(D35, Move_List!$A:$A, Move_List!$D:$D) * _xlfn.IFS(UPPER(TRIM(_xlfn.XLOOKUP(D35, Move_List!$A:$A, Move_List!$C:$C)))="PHYSICAL", K35, UPPER(TRIM(_xlfn.XLOOKUP(D35, Move_List!$A:$A, Move_List!$C:$C)))="SPECIAL", I35, TRUE, 0), 0)} -> 9810 | O35: {=IFERROR( _xlfn.XLOOKUP(D35, Move_List!$A:$A, Move_List!$D:$D) * _xlfn.IFS( ISNUMBER(SEARCH("Max", E35)), LOOKUP(_xlfn.XLOOKUP(D35, Move_List!$A:$A, Move_List!$D:$D), {0,60,80,110,150}, {2.5,1.83,1.63,1.27,1}), E35<>"", LOOKUP(_xlfn.XLOOKUP(D35, Move_List!$A:$A, Move_List!$D:$D), {0,60,80,90,100,110,120,150}, {2.5,2,2,1.94,1.8,1.68,1.58,1.33}), TRUE, 0 ) * IF(_xlfn.XLOOKUP(D35, Move_List!$A:$A, Move_List!$C:$C)="Physical", K35, I35), 0)} -> 0 | P35: =(J35 + L35 + M35) / 3 -> 128 | Q35: =IF(O35>0, (N35+O35)/2, N35) * (P35 / 100) -> 12556.8 | R35: {=IFERROR(Q35 / IF(OR(_xlfn.IFNA(_xlfn.XLOOKUP(E35, Move_List!$A:$A, Move_List!$C:$C), "")={"Dynamax","Mega"}), G35*1.2, G35), 0)} -> 88.428169
A36: 1-2-013 | B36: Leafeon | C36: =_xlfn.XLOOKUP(A36,Stars!A:A,Stars!C:C) -> 5-star | D36: Leaf Blade | F36: 1 | G36: 114 | H36: 94 | I36: 61 | J36: 66 | K36: 108 | L36: 127 | M36: 118 | N36: {=IFERROR(_xlfn.XLOOKUP(D36, Move_List!$A:$A, Move_List!$D:$D) * _xlfn.IFS(UPPER(TRIM(_xlfn.XLOOKUP(D36, Move_List!$A:$A, Move_List!$C:$C)))="PHYSICAL", K36, UPPER(TRIM(_xlfn.XLOOKUP(D36, Move_List!$A:$A, Move_List!$C:$C)))="SPECIAL", I36, TRUE, 0), 0)} -> 9720 | O36: {=IFERROR( _xlfn.XLOOKUP(D36, Move_List!$A:$A, Move_List!$D:$D) * _xlfn.IFS( ISNUMBER(SEARCH("Max", E36)), LOOKUP(_xlfn.XLOOKUP(D36, Move_List!$A:$A, Move_List!$D:$D), {0,60,80,110,150}, {2.5,1.83,1.63,1.27,1}), E36<>"", LOOKUP(_xlfn.XLOOKUP(D36, Move_List!$A:$A, Move_List!$D:$D), {0,60,80,90,100,110,120,150}, {2.5,2,2,1.94,1.8,1.68,1.58,1.33}), TRUE, 0 ) * IF(_xlfn.XLOOKUP(D36, Move_List!$A:$A, Move_List!$C:$C)="Physical", K36, I36), 0)} -> 0 | P36: =(J36 + L36 + M36) / 3 -> 103.66667 | Q36: =IF(O36>0, (N36+O36)/2, N36) * (P36 / 100) -> 10076.4 | R36: {=IFERROR(Q36 / IF(OR(_xlfn.IFNA(_xlfn.XLOOKUP(E36, Move_List!$A:$A, Move_List!$C:$C), "")={"Dynamax","Mega"}), G36*1.2, G36), 0)} -> 88.389474
A37: 1-2-019 | B37: Alolan Ninetales | C37: =_xlfn.XLOOKUP(A37,Stars!A:A,Stars!C:C) -> 5-star | D37: Blizzard | F37: 0.7 | G37: 122 | H37: 118 | I37: 89 | J37: 109 | K37: 74 | L37: 83 | M37: 137 | N37: {=IFERROR(_xlfn.XLOOKUP(D37, Move_List!$A:$A, Move_List!$D:$D) * _xlfn.IFS(UPPER(TRIM(_xlfn.XLOOKUP(D37, Move_List!$A:$A, Move_List!$C:$C)))="PHYSICAL", K37, UPPER(TRIM(_xlfn.XLOOKUP(D37, Move_List!$A:$A, Move_List!$C:$C)))="SPECIAL", I37, TRUE, 0), 0)} -> 9790 | O37: {=IFERROR( _xlfn.XLOOKUP(D37, Move_List!$A:$A, Move_List!$D:$D) * _xlfn.IFS( ISNUMBER(SEARCH("Max", E37)), LOOKUP(_xlfn.XLOOKUP(D37, Move_List!$A:$A, Move_List!$D:$D), {0,60,80,110,150}, {2.5,1.83,1.63,1.27,1}), E37<>"", LOOKUP(_xlfn.XLOOKUP(D37, Move_List!$A:$A, Move_List!$D:$D), {0,60,80,90,100,110,120,150}, {2.5,2,2,1.94,1.8,1.68,1.58,1.33}), TRUE, 0 ) * IF(_xlfn.XLOOKUP(D37, Move_List!$A:$A, Move_List!$C:$C)="Physical", K37, I37), 0)} -> 0 | P37: =(J37 + L37 + M37) / 3 -> 109.66667 | Q37: =IF(O37>0, (N37+O37)/2, N37) * (P37 / 100) -> 10736.367 | R37: {=IFERROR(Q37 / IF(OR(_xlfn.IFNA(_xlfn.XLOOKUP(E37, Move_List!$A:$A, Move_List!$C:$C), "")={"Dynamax","Mega"}), G37*1.2, G37), 0)} -> 88.003005
A38: 1-2-011 | B38: Jolteon | C38: =_xlfn.XLOOKUP(A38,Stars!A:A,Stars!C:C) -> 5-star | D38: Thunder | F38: 0.7 | G38: 108 | H38: 119 | I38: 101 | J38: 88 | K38: 62 | L38: 57 | M38: 111 | N38: {=IFERROR(_xlfn.XLOOKUP(D38, Move_List!$A:$A, Move_List!$D:$D) * _xlfn.IFS(UPPER(TRIM(_xlfn.XLOOKUP(D38, Move_List!$A:$A, Move_List!$C:$C)))="PHYSICAL", K38, UPPER(TRIM(_xlfn.XLOOKUP(D38, Move_List!$A:$A, Move_List!$C:$C)))="SPECIAL", I38, TRUE, 0), 0)} -> 11110 | O38: {=IFERROR( _xlfn.XLOOKUP(D38, Move_List!$A:$A, Move_List!$D:$D) * _xlfn.IFS( ISNUMBER(SEARCH("Max", E38)), LOOKUP(_xlfn.XLOOKUP(D38, Move_List!$A:$A, Move_List!$D:$D), {0,60,80,110,150}, {2.5,1.83,1.63,1.27,1}), E38<>"", LOOKUP(_xlfn.XLOOKUP(D38, Move_List!$A:$A, Move_List!$D:$D), {0,60,80,90,100,110,120,150}, {2.5,2,2,1.94,1.8,1.68,1.58,1.33}), TRUE, 0 ) * IF(_xlfn.XLOOKUP(D38, Move_List!$A:$A, Move_List!$C:$C)="Physical", K38, I38), 0)} -> 0 | P38: =(J38 + L38 + M38) / 3 -> 85.333333 | Q38: =IF(O38>0, (N38+O38)/2, N38) * (P38 / 100) -> 9480.5333 | R38: {=IFERROR(Q38 / IF(OR(_xlfn.IFNA(_xlfn.XLOOKUP(E38, Move_List!$A:$A, Move_List!$C:$C), "")={"Dynamax","Mega"}), G38*1.2, G38), 0)} -> 87.782716
A39: 1-2-025 | B39: Drednaw | C39: =_xlfn.XLOOKUP(A39,Stars!A:A,Stars!C:C) -> 5-star | D39: Liquidation | F39: 1 | G39: 104 | H39: 73 | I39: 48 | J39: 67 | K39: 110 | L39: 87 | M39: 138 | N39: {=IFERROR(_xlfn.XLOOKUP(D39, Move_List!$A:$A, Move_List!$D:$D) * _xlfn.IFS(UPPER(TRIM(_xlfn.XLOOKUP(D39, Move_List!$A:$A, Move_List!$C:$C)))="PHYSICAL", K39, UPPER(TRIM(_xlfn.XLOOKUP(D39, Move_List!$A:$A, Move_List!$C:$C)))="SPECIAL", I39, TRUE, 0), 0)} -> 9350 | O39: {=IFERROR( _xlfn.XLOOKUP(D39, Move_List!$A:$A, Move_List!$D:$D) * _xlfn.IFS( ISNUMBER(SEARCH("Max", E39)), LOOKUP(_xlfn.XLOOKUP(D39, Move_List!$A:$A, Move_List!$D:$D), {0,60,80,110,150}, {2.5,1.83,1.63,1.27,1}), E39<>"", LOOKUP(_xlfn.XLOOKUP(D39, Move_List!$A:$A, Move_List!$D:$D), {0,60,80,90,100,110,120,150}, {2.5,2,2,1.94,1.8,1.68,1.58,1.33}), TRUE, 0 ) * IF(_xlfn.XLOOKUP(D39, Move_List!$A:$A, Move_List!$C:$C)="Physical", K39, I39), 0)} -> 0 | P39: =(J39 + L39 + M39) / 3 -> 97.333333 | Q39: =IF(O39>0, (N39+O39)/2, N39) * (P39 / 100) -> 9100.6667 | R39: {=IFERROR(Q39 / IF(OR(_xlfn.IFNA(_xlfn.XLOOKUP(E39, Move_List!$A:$A, Move_List!$C:$C), "")={"Dynamax","Mega"}), G39*1.2, G39), 0)} -> 87.50641
A40: 1-1-009 | B40: Charizard | C40: =_xlfn.XLOOKUP(A40,Stars!A:A,Stars!C:C) -> 6-star | D40: Flamethrower | F40: 1 | G40: 124 | H40: 105 | I40: 114 | J40: 90 | K40: 89 | L40: 83 | M40: 138 | N40: {=IFERROR(_xlfn.XLOOKUP(D40, Move_List!$A:$A, Move_List!$D:$D) * _xlfn.IFS(UPPER(TRIM(_xlfn.XLOOKUP(D40, Move_List!$A:$A, Move_List!$C:$C)))="PHYSICAL", K40, UPPER(TRIM(_xlfn.XLOOKUP(D40, Move_List!$A:$A, Move_List!$C:$C)))="SPECIAL", I40, TRUE, 0), 0)} -> 10260 | O40: {=IFERROR( _xlfn.XLOOKUP(D40, Move_List!$A:$A, Move_List!$D:$D) * _xlfn.IFS( ISNUMBER(SEARCH("Max", E40)), LOOKUP(_xlfn.XLOOKUP(D40, Move_List!$A:$A, Move_List!$D:$D), {0,60,80,110,150}, {2.5,1.83,1.63,1.27,1}), E40<>"", LOOKUP(_xlfn.XLOOKUP(D40, Move_List!$A:$A, Move_List!$D:$D), {0,60,80,90,100,110,120,150}, {2.5,2,2,1.94,1.8,1.68,1.58,1.33}), TRUE, 0 ) * IF(_xlfn.XLOOKUP(D40, Move_List!$A:$A, Move_List!$C:$C)="Physical", K40, I40), 0)} -> 0 | P40: =(J40 + L40 + M40) / 3 -> 103.66667 | Q40: =IF(O40>0, (N40+O40)/2, N40) * (P40 / 100) -> 10636.2 | R40: {=IFERROR(Q40 / IF(OR(_xlfn.IFNA(_xlfn.XLOOKUP(E40, Move_List!$A:$A, Move_List!$C:$C), "")={"Dynamax","Mega"}), G40*1.2, G40), 0)} -> 85.775806
A41: 1-1-017 | B41: Arcanine | C41: =_xlfn.XLOOKUP(A41,Stars!A:A,Stars!C:C) -> 5-star | D41: Fire Blast | E41: Inferno Overdrive | F41: 1 | G41: 114 | H41: 88 | I41: 93 | J41: 75 | K41: 101 | L41: 75 | M41: 133 | N41: {=IFERROR(_xlfn.XLOOKUP(D41, Move_List!$A:$A, Move_List!$D:$D) * _xlfn.IFS(UPPER(TRIM(_xlfn.XLOOKUP(D41, Move_List!$A:$A, Move_List!$C:$C)))="PHYSICAL", K41, UPPER(TRIM(_xlfn.XLOOKUP(D41, Move_List!$A:$A, Move_List!$C:$C)))="SPECIAL", I41, TRUE, 0), 0)} -> 10230 | O41: {=IFERROR( _xlfn.XLOOKUP(D41, Move_List!$A:$A, Move_List!$D:$D) * _xlfn.IFS( ISNUMBER(SEARCH("Max", E41)), LOOKUP(_xlfn.XLOOKUP(D41, Move_List!$A:$A, Move_List!$D:$D), {0,60,80,110,150}, {2.5,1.83,1.63,1.27,1}), E41<>"", LOOKUP(_xlfn.XLOOKUP(D41, Move_List!$A:$A, Move_List!$D:$D), {0,60,80,90,100,110,120,150}, {2.5,2,2,1.94,1.8,1.68,1.58,1.33}), TRUE, 0 ) * IF(_xlfn.XLOOKUP(D41, Move_List!$A:$A, Move_List!$C:$C)="Physical", K41, I41), 0)} -> 17186.4 | P41: =(J41 + L41 + M41) / 3 -> 94.333333 | Q41: =IF(O41>0, (N41+O41)/2, N41) * (P41 / 100) -> 12931.402 | R41: {=IFERROR(Q41 / IF(OR(_xlfn.IFNA(_xlfn.XLOOKUP(E41, Move_List!$A:$A, Move_List!$C:$C), "")={"Dynamax","Mega"}), G41*1.2, G41), 0)} -> 113.43335
A42: 1-1-048 | B42: Sylveon | C42: =_xlfn.XLOOKUP(A42,Stars!A:A,Stars!C:C) -> 4-star | D42: Moonblast | F42: 1 | G42: 96 | H42: 51 | I42: 90 | J42: 106 | K42: 55 | L42: 55 | M42: 123 | N42: {=IFERROR(_xlfn.XLOOKUP(D42, Move_List!$A:$A, Move_List!$D:$D) * _xlfn.IFS(UPPER(TRIM(_xlfn.XLOOKUP(D42, Move_List!$A:$A, Move_List!$C:$C)))="PHYSICAL", K42, UPPER(TRIM(_xlfn.XLOOKUP(D42, Move_List!$A:$A, Move_List!$C:$C)))="SPECIAL", I42, TRUE, 0), 0)} -> 8550 | O42: {=IFERROR( _xlfn.XLOOKUP(D42, Move_List!$A:$A, Move_List!$D:$D) * _xlfn.IFS( ISNUMBER(SEARCH("Max", E42)), LOOKUP(_xlfn.XLOOKUP(D42, Move_List!$A:$A, Move_List!$D:$D), {0,60,80,110,150}, {2.5,1.83,1.63,1.27,1}), E42<>"", LOOKUP(_xlfn.XLOOKUP(D42, Move_List!$A:$A, Move_List!$D:$D), {0,60,80,90,100,110,120,150}, {2.5,2,2,1.94,1.8,1.68,1.58,1.33}), TRUE, 0 ) * IF(_xlfn.XLOOKUP(D42, Move_List!$A:$A, Move_List!$C:$C)="Physical", K42, I42), 0)} -> 0 | P42: =(J42 + L42 + M42) / 3 -> 94.666667 | Q42: =IF(O42>0, (N42+O42)/2, N42) * (P42 / 100) -> 8094 | R42: {=IFERROR(Q42 / IF(OR(_xlfn.IFNA(_xlfn.XLOOKUP(E42, Move_List!$A:$A, Move_List!$C:$C), "")={"Dynamax","Mega"}), G42*1.2, G42), 0)} -> 84.3125
A43: 1-2-024 | B43: Alcremie | C43: =_xlfn.XLOOKUP(A43,Stars!A:A,Stars!C:C) -> 5-star | D43: Dazzling Gleam | F43: 1 | G43: 112 | H43: 66 | I43: 110 | J43: 121 | K43: 62 | L43: 77 | M43: 120 | N43: {=IFERROR(_xlfn.XLOOKUP(D43, Move_List!$A:$A, Move_List!$D:$D) * _xlfn.IFS(UPPER(TRIM(_xlfn.XLOOKUP(D43, Move_List!$A:$A, Move_List!$C:$C)))="PHYSICAL", K43, UPPER(TRIM(_xlfn.XLOOKUP(D43, Move_List!$A:$A, Move_List!$C:$C)))="SPECIAL", I43, TRUE, 0), 0)} -> 8800 | O43: {=IFERROR( _xlfn.XLOOKUP(D43, Move_List!$A:$A, Move_List!$D:$D) * _xlfn.IFS( ISNUMBER(SEARCH("Max", E43)), LOOKUP(_xlfn.XLOOKUP(D43, Move_List!$A:$A, Move_List!$D:$D), {0,60,80,110,150}, {2.5,1.83,1.63,1.27,1}), E43<>"", LOOKUP(_xlfn.XLOOKUP(D43, Move_List!$A:$A, Move_List!$D:$D), {0,60,80,90,100,110,120,150}, {2.5,2,2,1.94,1.8,1.68,1.58,1.33}), TRUE, 0 ) * IF(_xlfn.XLOOKUP(D43, Move_List!$A:$A, Move_List!$C:$C)="Physical", K43, I43), 0)} -> 0 | P43: =(J43 + L43 + M43) / 3 -> 106 | Q43: =IF(O43>0, (N43+O43)/2, N43) * (P43 / 100) -> 9328 | R43: {=IFERROR(Q43 / IF(OR(_xlfn.IFNA(_xlfn.XLOOKUP(E43, Move_List!$A:$A, Move_List!$C:$C), "")={"Dynamax","Mega"}), G43*1.2, G43), 0)} -> 83.285714
A44: 1-1-021 | B44: Rillaboom | C44: =_xlfn.XLOOKUP(A44,Stars!A:A,Stars!C:C) -> 5-star | D44: Drum Beating | F44: 1 | G44: 108 | H44: 79 | I44: 57 | J44: 66 | K44: 115 | L44: 84 | M44: 142 | N44: {=IFERROR(_xlfn.XLOOKUP(D44, Move_List!$A:$A, Move_List!$D:$D) * _xlfn.IFS(UPPER(TRIM(_xlfn.XLOOKUP(D44, Move_List!$A:$A, Move_List!$C:$C)))="PHYSICAL", K44, UPPER(TRIM(_xlfn.XLOOKUP(D44, Move_List!$A:$A, Move_List!$C:$C)))="SPECIAL", I44, TRUE, 0), 0)} -> 9200 | O44: {=IFERROR( _xlfn.XLOOKUP(D44, Move_List!$A:$A, Move_List!$D:$D) * _xlfn.IFS( ISNUMBER(SEARCH("Max", E44)), LOOKUP(_xlfn.XLOOKUP(D44, Move_List!$A:$A, Move_List!$D:$D), {0,60,80,110,150}, {2.5,1.83,1.63,1.27,1}), E44<>"", LOOKUP(_xlfn.XLOOKUP(D44, Move_List!$A:$A, Move_List!$D:$D), {0,60,80,90,100,110,120,150}, {2.5,2,2,1.94,1.8,1.68,1.58,1.33}), TRUE, 0 ) * IF(_xlfn.XLOOKUP(D44, Move_List!$A:$A, Move_List!$C:$C)="Physical", K44, I44), 0)} -> 0 | P44: =(J44 + L44 + M44) / 3 -> 97.333333 | Q44: =IF(O44>0, (N44+O44)/2, N44) * (P44 / 100) -> 8954.6667 | R44: {=IFERROR(Q44 / IF(OR(_xlfn.IFNA(_xlfn.XLOOKUP(E44, Move_List!$A:$A, Move_List!$C:$C), "")={"Dynamax","Mega"}), G44*1.2, G44), 0)} -> 82.91358
A45: 1-2-034 | B45: Torterra | C45: =_xlfn.XLOOKUP(A45,Stars!A:A,Stars!C:C) -> 4-star | D45: Earthquake | F45: 1 | G45: 92 | H45: 46 | I45: 60 | J45: 67 | K45: 85 | L45: 82 | M45: 117 | N45: {=IFERROR(_xlfn.XLOOKUP(D45, Move_List!$A:$A, Move_List!$D:$D) * _xlfn.IFS(UPPER(TRIM(_xlfn.XLOOKUP(D45, Move_List!$A:$A, Move_List!$C:$C)))="PHYSICAL", K45, UPPER(TRIM(_xlfn.XLOOKUP(D45, Move_List!$A:$A, Move_List!$C:$C)))="SPECIAL", I45, TRUE, 0), 0)} -> 8500 | O45: {=IFERROR( _xlfn.XLOOKUP(D45, Move_List!$A:$A, Move_List!$D:$D) * _xlfn.IFS( ISNUMBER(SEARCH("Max", E45)), LOOKUP(_xlfn.XLOOKUP(D45, Move_List!$A:$A, Move_List!$D:$D), {0,60,80,110,150}, {2.5,1.83,1.63,1.27,1}), E45<>"", LOOKUP(_xlfn.XLOOKUP(D45, Move_List!$A:$A, Move_List!$D:$D), {0,60,80,90,100,110,120,150}, {2.5,2,2,1.94,1.8,1.68,1.58,1.33}), TRUE, 0 ) * IF(_xlfn.XLOOKUP(D45, Move_List!$A:$A, Move_List!$C:$C)="Physical", K45, I45), 0)} -> 0 | P45: =(J45 + L45 + M45) / 3 -> 88.666667 | Q45: =IF(O45>0, (N45+O45)/2, N45) * (P45 / 100) -> 7536.6667 | R45: {=IFERROR(Q45 / IF(OR(_xlfn.IFNA(_xlfn.XLOOKUP(E45, Move_List!$A:$A, Move_List!$C:$C), "")={"Dynamax","Mega"}), G45*1.2, G45), 0)} -> 81.92029
A46: 1-2-069 | B46: Gardevoir | C46: =_xlfn.XLOOKUP(A46,Stars!A:A,Stars!C:C) -> 4-star | D46: Psychic | F46: 1 | G46: 96 | H46: 67 | I46: 102 | J46: 94 | K46: 55 | L46: 55 | M46: 102 | N46: {=IFERROR(_xlfn.XLOOKUP(D46, Move_List!$A:$A, Move_List!$D:$D) * _xlfn.IFS(UPPER(TRIM(_xlfn.XLOOKUP(D46, Move_List!$A:$A, Move_List!$C:$C)))="PHYSICAL", K46, UPPER(TRIM(_xlfn.XLOOKUP(D46, Move_List!$A:$A, Move_List!$C:$C)))="SPECIAL", I46, TRUE, 0), 0)} -> 9180 | O46: {=IFERROR( _xlfn.XLOOKUP(D46, Move_List!$A:$A, Move_List!$D:$D) * _xlfn.IFS( ISNUMBER(SEARCH("Max", E46)), LOOKUP(_xlfn.XLOOKUP(D46, Move_List!$A:$A, Move_List!$D:$D), {0,60,80,110,150}, {2.5,1.83,1.63,1.27,1}), E46<>"", LOOKUP(_xlfn.XLOOKUP(D46, Move_List!$A:$A, Move_List!$D:$D), {0,60,80,90,100,110,120,150}, {2.5,2,2,1.94,1.8,1.68,1.58,1.33}), TRUE, 0 ) * IF(_xlfn.XLOOKUP(D46, Move_List!$A:$A, Move_List!$C:$C)="Physical", K46, I46), 0)} -> 0 | P46: =(J46 + L46 + M46) / 3 -> 83.666667 | Q46: =IF(O46>0, (N46+O46)/2, N46) * (P46 / 100) -> 7680.6 | R46: {=IFERROR(Q46 / IF(OR(_xlfn.IFNA(_xlfn.XLOOKUP(E46, Move_List!$A:$A, Move_List!$C:$C), "")={"Dynamax","Mega"}), G46*1.2, G46), 0)} -> 80.00625
A47: 1-2-023 | B47: Appletun | C47: =_xlfn.XLOOKUP(A47,Stars!A:A,Stars!C:C) -> 5-star | D47: Apple Acid | F47: 1 | G47: 110 | H47: 33 | I47: 101 | J47: 81 | K47: 86 | L47: 81 | M47: 163 | N47: {=IFERROR(_xlfn.XLOOKUP(D47, Move_List!$A:$A, Move_List!$D:$D) * _xlfn.IFS(UPPER(TRIM(_xlfn.XLOOKUP(D47, Move_List!$A:$A, Move_List!$C:$C)))="PHYSICAL", K47, UPPER(TRIM(_xlfn.XLOOKUP(D47, Move_List!$A:$A, Move_List!$C:$C)))="SPECIAL", I47, TRUE, 0), 0)} -> 8080 | O47: {=IFERROR( _xlfn.XLOOKUP(D47, Move_List!$A:$A, Move_List!$D:$D) * _xlfn.IFS( ISNUMBER(SEARCH("Max", E47)), LOOKUP(_xlfn.XLOOKUP(D47, Move_List!$A:$A, Move_List!$D:$D), {0,60,80,110,150}, {2.5,1.83,1.63,1.27,1}), E47<>"", LOOKUP(_xlfn.XLOOKUP(D47, Move_List!$A:$A, Move_List!$D:$D), {0,60,80,90,100,110,120,150}, {2.5,2,2,1.94,1.8,1.68,1.58,1.33}), TRUE, 0 ) * IF(_xlfn.XLOOKUP(D47, Move_List!$A:$A, Move_List!$C:$C)="Physical", K47, I47), 0)} -> 0 | P47: =(J47 + L47 + M47) / 3 -> 108.33333 | Q47: =IF(O47>0, (N47+O47)/2, N47) * (P47 / 100) -> 8753.3333 | R47: {=IFERROR(Q47 / IF(OR(_xlfn.IFNA(_xlfn.XLOOKUP(E47, Move_List!$A:$A, Move_List!$C:$C), "")={"Dynamax","Mega"}), G47*1.2, G47), 0)} -> 79.575758
A48: 1-2-018 | B48: Empoleon | C48: =_xlfn.XLOOKUP(A48,Stars!A:A,Stars!C:C) -> 5-star | D48: Flash Cannon | E48: Corkscrew Crash | F48: 1 | G48: 114 | H48: 60 | I48: 107 | J48: 97 | K48: 84 | L48: 85 | M48: 133 | N48: {=IFERROR(_xlfn.XLOOKUP(D48, Move_List!$A:$A, Move_List!$D:$D) * _xlfn.IFS(UPPER(TRIM(_xlfn.XLOOKUP(D48, Move_List!$A:$A, Move_List!$C:$C)))="PHYSICAL", K48, UPPER(TRIM(_xlfn.XLOOKUP(D48, Move_List!$A:$A, Move_List!$C:$C)))="SPECIAL", I48, TRUE, 0), 0)} -> 8560 | O48: {=IFERROR( _xlfn.XLOOKUP(D48, Move_List!$A:$A, Move_List!$D:$D) * _xlfn.IFS( ISNUMBER(SEARCH("Max", E48)), LOOKUP(_xlfn.XLOOKUP(D48, Move_List!$A:$A, Move_List!$D:$D), {0,60,80,110,150}, {2.5,1.83,1.63,1.27,1}), E48<>"", LOOKUP(_xlfn.XLOOKUP(D48, Move_List!$A:$A, Move_List!$D:$D), {0,60,80,90,100,110,120,150}, {2.5,2,2,1.94,1.8,1.68,1.58,1.33}), TRUE, 0 ) * IF(_xlfn.XLOOKUP(D48, Move_List!$A:$A, Move_List!$C:$C)="Physical", K48, I48), 0)} -> 17120 | P48: =(J48 + L48 + M48) / 3 -> 105 | Q48: =IF(O48>0, (N48+O48)/2, N48) * (P48 / 100) -> 13482 | R48: {=IFERROR(Q48 / IF(OR(_xlfn.IFNA(_xlfn.XLOOKUP(E48, Move_List!$A:$A, Move_List!$C:$C), "")={"Dynamax","Mega"}), G48*1.2, G48), 0)} -> 118.26316
A49: 1-2-037 | B49: Infernape | C49: =_xlfn.XLOOKUP(A49,Stars!A:A,Stars!C:C) -> 4-star | D49: Close Combat | F49: 1 | G49: 92 | H49: 84 | I49: 81 | J49: 57 | K49: 81 | L49: 57 | M49: 103 | N49: {=IFERROR(_xlfn.XLOOKUP(D49, Move_List!$A:$A, Move_List!$D:$D) * _xlfn.IFS(UPPER(TRIM(_xlfn.XLOOKUP(D49, Move_List!$A:$A, Move_List!$C:$C)))="PHYSICAL", K49, UPPER(TRIM(_xlfn.XLOOKUP(D49, Move_List!$A:$A, Move_List!$C:$C)))="SPECIAL", I49, TRUE, 0), 0)} -> 9720 | O49: {=IFERROR( _xlfn.XLOOKUP(D49, Move_List!$A:$A, Move_List!$D:$D) * _xlfn.IFS( ISNUMBER(SEARCH("Max", E49)), LOOKUP(_xlfn.XLOOKUP(D49, Move_List!$A:$A, Move_List!$D:$D), {0,60,80,110,150}, {2.5,1.83,1.63,1.27,1}), E49<>"", LOOKUP(_xlfn.XLOOKUP(D49, Move_List!$A:$A, Move_List!$D:$D), {0,60,80,90,100,110,120,150}, {2.5,2,2,1.94,1.8,1.68,1.58,1.33}), TRUE, 0 ) * IF(_xlfn.XLOOKUP(D49, Move_List!$A:$A, Move_List!$C:$C)="Physical", K49, I49), 0)} -> 0 | P49: =(J49 + L49 + M49) / 3 -> 72.333333 | Q49: =IF(O49>0, (N49+O49)/2, N49) * (P49 / 100) -> 7030.8 | R49: {=IFERROR(Q49 / IF(OR(_xlfn.IFNA(_xlfn.XLOOKUP(E49, Move_List!$A:$A, Move_List!$C:$C), "")={"Dynamax","Mega"}), G49*1.2, G49), 0)} -> 76.421739
A50: 1-1-016 | B50: Gengar | C50: =_xlfn.XLOOKUP(A50,Stars!A:A,Stars!C:C) -> 5-star | D50: Shadow Ball | F50: 1 | G50: 108 | H50: 106 | I50: 124 | J50: 74 | K50: 64 | L50: 60 | M50: 111 | N50: {=IFERROR(_xlfn.XLOOKUP(D50, Move_List!$A:$A, Move_List!$D:$D) * _xlfn.IFS(UPPER(TRIM(_xlfn.XLOOKUP(D50, Move_List!$A:$A, Move_List!$C:$C)))="PHYSICAL", K50, UPPER(TRIM(_xlfn.XLOOKUP(D50, Move_List!$A:$A, Move_List!$C:$C)))="SPECIAL", I50, TRUE, 0), 0)} -> 9920 | O50: {=IFERROR( _xlfn.XLOOKUP(D50, Move_List!$A:$A, Move_List!$D:$D) * _xlfn.IFS( ISNUMBER(SEARCH("Max", E50)), LOOKUP(_xlfn.XLOOKUP(D50, Move_List!$A:$A, Move_List!$D:$D), {0,60,80,110,150}, {2.5,1.83,1.63,1.27,1}), E50<>"", LOOKUP(_xlfn.XLOOKUP(D50, Move_List!$A:$A, Move_List!$D:$D), {0,60,80,90,100,110,120,150}, {2.5,2,2,1.94,1.8,1.68,1.58,1.33}), TRUE, 0 ) * IF(_xlfn.XLOOKUP(D50, Move_List!$A:$A, Move_List!$C:$C)="Physical", K50, I50), 0)} -> 0 | P50: =(J50 + L50 + M50) / 3 -> 81.666667 | Q50: =IF(O50>0, (N50+O50)/2, N50) * (P50 / 100) -> 8101.3333 | R50: {=IFERROR(Q50 / IF(OR(_xlfn.IFNA(_xlfn.XLOOKUP(E50, Move_List!$A:$A, Move_List!$C:$C), "")={"Dynamax","Mega"}), G50*1.2, G50), 0)} -> 75.012346
A51: 1-2-056 | B51: Flygon | C51: =_xlfn.XLOOKUP(A51,Stars!A:A,Stars!C:C) -> 4-star | D51: Dragon Pulse | E51: Max Quake | F51: 1 | G51: 96 | H51: 83 | I51: 67 | J51: 67 | K51: 83 | L51: 67 | M51: 111 | N51: {=IFERROR(_xlfn.XLOOKUP(D51, Move_List!$A:$A, Move_List!$D:$D) * _xlfn.IFS(UPPER(TRIM(_xlfn.XLOOKUP(D51, Move_List!$A:$A, Move_List!$C:$C)))="PHYSICAL", K51, UPPER(TRIM(_xlfn.XLOOKUP(D51, Move_List!$A:$A, Move_List!$C:$C)))="SPECIAL", I51, TRUE, 0), 0)} -> 5695 | O51: {=IFERROR( _xlfn.XLOOKUP(D51, Move_List!$A:$A, Move_List!$D:$D) * _xlfn.IFS( ISNUMBER(SEARCH("Max", E51)), LOOKUP(_xlfn.XLOOKUP(D51, Move_List!$A:$A, Move_List!$D:$D), {0,60,80,110,150}, {2.5,1.83,1.63,1.27,1}), E51<>"", LOOKUP(_xlfn.XLOOKUP(D51, Move_List!$A:$A, Move_List!$D:$D), {0,60,80,90,100,110,120,150}, {2.5,2,2,1.94,1.8,1.68,1.58,1.33}), TRUE, 0 ) * IF(_xlfn.XLOOKUP(D51, Move_List!$A:$A, Move_List!$C:$C)="Physical", K51, I51), 0)} -> 9282.85 | P51: =(J51 + L51 + M51) / 3 -> 81.666667 | Q51: =IF(O51>0, (N51+O51)/2, N51) * (P51 / 100) -> 6115.9554 | R51: {=IFERROR(Q51 / IF(OR(_xlfn.IFNA(_xlfn.XLOOKUP(E51, Move_List!$A:$A, Move_List!$C:$C), "")={"Dynamax","Mega"}), G51*1.2, G51), 0)} -> 63.707869
A52: 1-1-045 | B52: Jolteon | C52: =_xlfn.XLOOKUP(A52,Stars!A:A,Stars!C:C) -> 4-star | D52: Thunder | F52: 0.7 | G52: 90 | H52: 99 | I52: 84 | J52: 73 | K52: 51 | L52: 48 | M52: 92 | N52: {=IFERROR(_xlfn.XLOOKUP(D52, Move_List!$A:$A, Move_List!$D:$D) * _xlfn.IFS(UPPER(TRIM(_xlfn.XLOOKUP(D52, Move_List!$A:$A, Move_List!$C:$C)))="PHYSICAL", K52, UPPER(TRIM(_xlfn.XLOOKUP(D52, Move_List!$A:$A, Move_List!$C:$C)))="SPECIAL", I52, TRUE, 0), 0)} -> 9240 | O52: {=IFERROR( _xlfn.XLOOKUP(D52, Move_List!$A:$A, Move_List!$D:$D) * _xlfn.IFS( ISNUMBER(SEARCH("Max", E52)), LOOKUP(_xlfn.XLOOKUP(D52, Move_List!$A:$A, Move_List!$D:$D), {0,60,80,110,150}, {2.5,1.83,1.63,1.27,1}), E52<>"", LOOKUP(_xlfn.XLOOKUP(D52, Move_List!$A:$A, Move_List!$D:$D), {0,60,80,90,100,110,120,150}, {2.5,2,2,1.94,1.8,1.68,1.58,1.33}), TRUE, 0 ) * IF(_xlfn.XLOOKUP(D52, Move_List!$A:$A, Move_List!$C:$C)="Physical", K52, I52), 0)} -> 0 | P52: =(J52 + L52 + M52) / 3 -> 71 | Q52: =IF(O52>0, (N52+O52)/2, N52) * (P52 / 100) -> 6560.4 | R52: {=IFERROR(Q52 / IF(OR(_xlfn.IFNA(_xlfn.XLOOKUP(E52, Move_List!$A:$A, Move_List!$C:$C), "")={"Dynamax","Mega"}), G52*1.2, G52), 0)} -> 72.893333
A53: 1-1-052 | B53: Golurk | C53: =_xlfn.XLOOKUP(A53,Stars!A:A,Stars!C:C) -> 3-star | D53: High Horsepower | F53: 1 | G53: 72 | H53: 39 | I53: 39 | J53: 54 | K53: 81 | L53: 54 | M53: 96 | N53: {=IFERROR(_xlfn.XLOOKUP(D53, Move_List!$A:$A, Move_List!$D:$D) * _xlfn.IFS(UPPER(TRIM(_xlfn.XLOOKUP(D53, Move_List!$A:$A, Move_List!$C:$C)))="PHYSICAL", K53, UPPER(TRIM(_xlfn.XLOOKUP(D53, Move_List!$A:$A, Move_List!$C:$C)))="SPECIAL", I53, TRUE, 0), 0)} -> 7695 | O53: {=IFERROR( _xlfn.XLOOKUP(D53, Move_List!$A:$A, Move_List!$D:$D) * _xlfn.IFS( ISNUMBER(SEARCH("Max", E53)), LOOKUP(_xlfn.XLOOKUP(D53, Move_List!$A:$A, Move_List!$D:$D), {0,60,80,110,150}, {2.5,1.83,1.63,1.27,1}), E53<>"", LOOKUP(_xlfn.XLOOKUP(D53, Move_List!$A:$A, Move_List!$D:$D), {0,60,80,90,100,110,120,150}, {2.5,2,2,1.94,1.8,1.68,1.58,1.33}), TRUE, 0 ) * IF(_xlfn.XLOOKUP(D53, Move_List!$A:$A, Move_List!$C:$C)="Physical", K53, I53), 0)} -> 0 | P53: =(J53 + L53 + M53) / 3 -> 68 | Q53: =IF(O53>0, (N53+O53)/2, N53) * (P53 / 100) -> 5232.6 | R53: {=IFERROR(Q53 / IF(OR(_xlfn.IFNA(_xlfn.XLOOKUP(E53, Move_List!$A:$A, Move_List!$C:$C), "")={"Dynamax","Mega"}), G53*1.2, G53), 0)} -> 72.675
A54: 1-1-046 | B54: Espeon | C54: =_xlfn.XLOOKUP(A54,Stars!A:A,Stars!C:C) -> 4-star | D54: Psychic | F54: 1 | G54: 92 | H54: 86 | I54: 101 | J54: 75 | K54: 53 | L54: 49 | M54: 95 | N54: {=IFERROR(_xlfn.XLOOKUP(D54, Move_List!$A:$A, Move_List!$D:$D) * _xlfn.IFS(UPPER(TRIM(_xlfn.XLOOKUP(D54, Move_List!$A:$A, Move_List!$C:$C)))="PHYSICAL", K54, UPPER(TRIM(_xlfn.XLOOKUP(D54, Move_List!$A:$A, Move_List!$C:$C)))="SPECIAL", I54, TRUE, 0), 0)} -> 9090 | O54: {=IFERROR( _xlfn.XLOOKUP(D54, Move_List!$A:$A, Move_List!$D:$D) * _xlfn.IFS( ISNUMBER(SEARCH("Max", E54)), LOOKUP(_xlfn.XLOOKUP(D54, Move_List!$A:$A, Move_List!$D:$D), {0,60,80,110,150}, {2.5,1.83,1.63,1.27,1}), E54<>"", LOOKUP(_xlfn.XLOOKUP(D54, Move_List!$A:$A, Move_List!$D:$D), {0,60,80,90,100,110,120,150}, {2.5,2,2,1.94,1.8,1.68,1.58,1.33}), TRUE, 0 ) * IF(_xlfn.XLOOKUP(D54, Move_List!$A:$A, Move_List!$C:$C)="Physical", K54, I54), 0)} -> 0 | P54: =(J54 + L54 + M54) / 3 -> 73 | Q54: =IF(O54>0, (N54+O54)/2, N54) * (P54 / 100) -> 6635.7 | R54: {=IFERROR(Q54 / IF(OR(_xlfn.IFNA(_xlfn.XLOOKUP(E54, Move_List!$A:$A, Move_List!$C:$C), "")={"Dynamax","Mega"}), G54*1.2, G54), 0)} -> 72.127174
A55: 1-2-062 | B55: Alakazam | C55: =_xlfn.XLOOKUP(A55,Stars!A:A,Stars!C:C) -> 4-star | D55: Psychic | F55: 1 | G55: 88 | H55: 93 | I55: 106 | J55: 75 | K55: 41 | L55: 37 | M55: 87 | N55: {=IFERROR(_xlfn.XLOOKUP(D55, Move_List!$A:$A, Move_List!$D:$D) * _xlfn.IFS(UPPER(TRIM(_xlfn.XLOOKUP(D55, Move_List!$A:$A, Move_List!$C:$C)))="PHYSICAL", K55, UPPER(TRIM(_xlfn.XLOOKUP(D55, Move_List!$A:$A, Move_List!$C:$C)))="SPECIAL", I55, TRUE, 0), 0)} -> 9540 | O55: {=IFERROR( _xlfn.XLOOKUP(D55, Move_List!$A:$A, Move_List!$D:$D) * _xlfn.IFS( ISNUMBER(SEARCH("Max", E55)), LOOKUP(_xlfn.XLOOKUP(D55, Move_List!$A:$A, Move_List!$D:$D), {0,60,80,110,150}, {2.5,1.83,1.63,1.27,1}), E55<>"", LOOKUP(_xlfn.XLOOKUP(D55, Move_List!$A:$A, Move_List!$D:$D), {0,60,80,90,100,110,120,150}, {2.5,2,2,1.94,1.8,1.68,1.58,1.33}), TRUE, 0 ) * IF(_xlfn.XLOOKUP(D55, Move_List!$A:$A, Move_List!$C:$C)="Physical", K55, I55), 0)} -> 0 | P55: =(J55 + L55 + M55) / 3 -> 66.333333 | Q55: =IF(O55>0, (N55+O55)/2, N55) * (P55 / 100) -> 6328.2 | R55: {=IFERROR(Q55 / IF(OR(_xlfn.IFNA(_xlfn.XLOOKUP(E55, Move_List!$A:$A, Move_List!$C:$C), "")={"Dynamax","Mega"}), G55*1.2, G55), 0)} -> 71.911364
A56: 1-1-054 | B56: Slowbro | C56: =_xlfn.XLOOKUP(A56,Stars!A:A,Stars!C:C) -> 4-star | D56: Surf | F56: 1 | G56: 84 | H56: 24 | I56: 77 | J56: 62 | K56: 59 | L56: 84 | M56: 114 | N56: {=IFERROR(_xlfn.XLOOKUP(D56, Move_List!$A:$A, Move_List!$D:$D) * _xlfn.IFS(UPPER(TRIM(_xlfn.XLOOKUP(D56, Move_List!$A:$A, Move_List!$C:$C)))="PHYSICAL", K56, UPPER(TRIM(_xlfn.XLOOKUP(D56, Move_List!$A:$A, Move_List!$C:$C)))="SPECIAL", I56, TRUE, 0), 0)} -> 6930 | O56: {=IFERROR( _xlfn.XLOOKUP(D56, Move_List!$A:$A, Move_List!$D:$D) * _xlfn.IFS( ISNUMBER(SEARCH("Max", E56)), LOOKUP(_xlfn.XLOOKUP(D56, Move_List!$A:$A, Move_List!$D:$D), {0,60,80,110,150}, {2.5,1.83,1.63,1.27,1}), E56<>"", LOOKUP(_xlfn.XLOOKUP(D56, Move_List!$A:$A, Move_List!$D:$D), {0,60,80,90,100,110,120,150}, {2.5,2,2,1.94,1.8,1.68,1.58,1.33}), TRUE, 0 ) * IF(_xlfn.XLOOKUP(D56, Move_List!$A:$A, Move_List!$C:$C)="Physical", K56, I56), 0)} -> 0 | P56: =(J56 + L56 + M56) / 3 -> 86.666667 | Q56: =IF(O56>0, (N56+O56)/2, N56) * (P56 / 100) -> 6006 | R56: {=IFERROR(Q56 / IF(OR(_xlfn.IFNA(_xlfn.XLOOKUP(E56, Move_List!$A:$A, Move_List!$C:$C), "")={"Dynamax","Mega"}), G56*1.2, G56), 0)} -> 71.5
A57: 1-2-022 | B57: Flapple | C57: =_xlfn.XLOOKUP(A57,Stars!A:A,Stars!C:C) -> 5-star | D57: Grav Apple | F57: 1 | G57: 110 | H57: 72 | I57: 96 | J57: 62 | K57: 110 | L57: 81 | M57: 125 | N57: {=IFERROR(_xlfn.XLOOKUP(D57, Move_List!$A:$A, Move_List!$D:$D) * _xlfn.IFS(UPPER(TRIM(_xlfn.XLOOKUP(D57, Move_List!$A:$A, Move_List!$C:$C)))="PHYSICAL", K57, UPPER(TRIM(_xlfn.XLOOKUP(D57, Move_List!$A:$A, Move_List!$C:$C)))="SPECIAL", I57, TRUE, 0), 0)} -> 8800 | O57: {=IFERROR( _xlfn.XLOOKUP(D57, Move_List!$A:$A, Move_List!$D:$D) * _xlfn.IFS( ISNUMBER(SEARCH("Max", E57)), LOOKUP(_xlfn.XLOOKUP(D57, Move_List!$A:$A, Move_List!$D:$D), {0,60,80,110,150}, {2.5,1.83,1.63,1.27,1}), E57<>"", LOOKUP(_xlfn.XLOOKUP(D57, Move_List!$A:$A, Move_List!$D:$D), {0,60,80,90,100,110,120,150}, {2.5,2,2,1.94,1.8,1.68,1.58,1.33}), TRUE, 0 ) * IF(_xlfn.XLOOKUP(D57, Move_List!$A:$A, Move_List!$C:$C)="Physical", K57, I57), 0)} -> 0 | P57: =(J57 + L57 + M57) / 3 -> 89.333333 | Q57: =IF(O57>0, (N57+O57)/2, N57) * (P57 / 100) -> 7861.3333 | R57: {=IFERROR(Q57 / IF(OR(_xlfn.IFNA(_xlfn.XLOOKUP(E57, Move_List!$A:$A, Move_List!$C:$C), "")={"Dynamax","Mega"}), G57*1.2, G57), 0)} -> 71.466667
A58: 1-2-015 | B58: Lucario | C58: =_xlfn.XLOOKUP(A58,Stars!A:A,Stars!C:C) -> 5-star | D58: Aura Sphere | F58: 1 | G58: 118 | H58: 91 | I58: 115 | J58: 72 | K58: 110 | L58: 72 | M58: 125 | N58: {=IFERROR(_xlfn.XLOOKUP(D58, Move_List!$A:$A, Move_List!$D:$D) * _xlfn.IFS(UPPER(TRIM(_xlfn.XLOOKUP(D58, Move_List!$A:$A, Move_List!$C:$C)))="PHYSICAL", K58, UPPER(TRIM(_xlfn.XLOOKUP(D58, Move_List!$A:$A, Move_List!$C:$C)))="SPECIAL", I58, TRUE, 0), 0)} -> 9200 | O58: {=IFERROR( _xlfn.XLOOKUP(D58, Move_List!$A:$A, Move_List!$D:$D) * _xlfn.IFS( ISNUMBER(SEARCH("Max", E58)), LOOKUP(_xlfn.XLOOKUP(D58, Move_List!$A:$A, Move_List!$D:$D), {0,60,80,110,150}, {2.5,1.83,1.63,1.27,1}), E58<>"", LOOKUP(_xlfn.XLOOKUP(D58, Move_List!$A:$A, Move_List!$D:$D), {0,60,80,90,100,110,120,150}, {2.5,2,2,1.94,1.8,1.68,1.58,1.33}), TRUE, 0 ) * IF(_xlfn.XLOOKUP(D58, Move_List!$A:$A, Move_List!$C:$C)="Physical", K58, I58), 0)} -> 0 | P58: =(J58 + L58 + M58) / 3 -> 89.666667 | Q58: =IF(O58>0, (N58+O58)/2, N58) * (P58 / 100) -> 8249.3333 | R58: {=IFERROR(Q58 / IF(OR(_xlfn.IFNA(_xlfn.XLOOKUP(E58, Move_List!$A:$A, Move_List!$C:$C), "")={"Dynamax","Mega"}), G58*1.2, G58), 0)} -> 69.909605
A59: 1-1-029 | B59: Crocalor | C59: =_xlfn.XLOOKUP(A59,Stars!A:A,Stars!C:C) -> 3-star | D59: Flamethrower | F59: 1 | G59: 84 | H59: 46 | I59: 80 | J59: 53 | K59: 51 | L59: 70 | M59: 120 | N59: {=IFERROR(_xlfn.XLOOKUP(D59, Move_List!$A:$A, Move_List!$D:$D) * _xlfn.IFS(UPPER(TRIM(_xlfn.XLOOKUP(D59, Move_List!$A:$A, Move_List!$C:$C)))="PHYSICAL", K59, UPPER(TRIM(_xlfn.XLOOKUP(D59, Move_List!$A:$A, Move_List!$C:$C)))="SPECIAL", I59, TRUE, 0), 0)} -> 7200 | O59: {=IFERROR( _xlfn.XLOOKUP(D59, Move_List!$A:$A, Move_List!$D:$D) * _xlfn.IFS( ISNUMBER(SEARCH("Max", E59)), LOOKUP(_xlfn.XLOOKUP(D59, Move_List!$A:$A, Move_List!$D:$D), {0,60,80,110,150}, {2.5,1.83,1.63,1.27,1}), E59<>"", LOOKUP(_xlfn.XLOOKUP(D59, Move_List!$A:$A, Move_List!$D:$D), {0,60,80,90,100,110,120,150}, {2.5,2,2,1.94,1.8,1.68,1.58,1.33}), TRUE, 0 ) * IF(_xlfn.XLOOKUP(D59, Move_List!$A:$A, Move_List!$C:$C)="Physical", K59, I59), 0)} -> 0 | P59: =(J59 + L59 + M59) / 3 -> 81 | Q59: =IF(O59>0, (N59+O59)/2, N59) * (P59 / 100) -> 5832 | R59: {=IFERROR(Q59 / IF(OR(_xlfn.IFNA(_xlfn.XLOOKUP(E59, Move_List!$A:$A, Move_List!$C:$C), "")={"Dynamax","Mega"}), G59*1.2, G59), 0)} -> 69.428571
A60: 1-1-034 | B60: Rillaboom | C60: =_xlfn.XLOOKUP(A60,Stars!A:A,Stars!C:C) -> 4-star | D60: Drum Beating | F60: 1 | G60: 90 | H60: 66 | I60: 48 | J60: 55 | K60: 95 | L60: 69 | M60: 118 | N60: {=IFERROR(_xlfn.XLOOKUP(D60, Move_List!$A:$A, Move_List!$D:$D) * _xlfn.IFS(UPPER(TRIM(_xlfn.XLOOKUP(D60, Move_List!$A:$A, Move_List!$C:$C)))="PHYSICAL", K60, UPPER(TRIM(_xlfn.XLOOKUP(D60, Move_List!$A:$A, Move_List!$C:$C)))="SPECIAL", I60, TRUE, 0), 0)} -> 7600 | O60: {=IFERROR( _xlfn.XLOOKUP(D60, Move_List!$A:$A, Move_List!$D:$D) * _xlfn.IFS( ISNUMBER(SEARCH("Max", E60)), LOOKUP(_xlfn.XLOOKUP(D60, Move_List!$A:$A, Move_List!$D:$D), {0,60,80,110,150}, {2.5,1.83,1.63,1.27,1}), E60<>"", LOOKUP(_xlfn.XLOOKUP(D60, Move_List!$A:$A, Move_List!$D:$D), {0,60,80,90,100,110,120,150}, {2.5,2,2,1.94,1.8,1.68,1.58,1.33}), TRUE, 0 ) * IF(_xlfn.XLOOKUP(D60, Move_List!$A:$A, Move_List!$C:$C)="Physical", K60, I60), 0)} -> 0 | P60: =(J60 + L60 + M60) / 3 -> 80.666667 | Q60: =IF(O60>0, (N60+O60)/2, N60) * (P60 / 100) -> 6130.6667 | R60: {=IFERROR(Q60 / IF(OR(_xlfn.IFNA(_xlfn.XLOOKUP(E60, Move_List!$A:$A, Move_List!$C:$C), "")={"Dynamax","Mega"}), G60*1.2, G60), 0)} -> 68.118519
A61: 1-2-051 | B61: Alolan Sandslash | C61: =_xlfn.XLOOKUP(A61,Stars!A:A,Stars!C:C) -> 4-star | D61: Icicle Crash | F61: 0.9 | G61: 78 | H61: 51 | I61: 20 | J61: 51 | K61: 77 | L61: 92 | M61: 100 | N61: {=IFERROR(_xlfn.XLOOKUP(D61, Move_List!$A:$A, Move_List!$D:$D) * _xlfn.IFS(UPPER(TRIM(_xlfn.XLOOKUP(D61, Move_List!$A:$A, Move_List!$C:$C)))="PHYSICAL", K61, UPPER(TRIM(_xlfn.XLOOKUP(D61, Move_List!$A:$A, Move_List!$C:$C)))="SPECIAL", I61, TRUE, 0), 0)} -> 6545 | O61: {=IFERROR( _xlfn.XLOOKUP(D61, Move_List!$A:$A, Move_List!$D:$D) * _xlfn.IFS( ISNUMBER(SEARCH("Max", E61)), LOOKUP(_xlfn.XLOOKUP(D61, Move_List!$A:$A, Move_List!$D:$D), {0,60,80,110,150}, {2.5,1.83,1.63,1.27,1}), E61<>"", LOOKUP(_xlfn.XLOOKUP(D61, Move_List!$A:$A, Move_List!$D:$D), {0,60,80,90,100,110,120,150}, {2.5,2,2,1.94,1.8,1.68,1.58,1.33}), TRUE, 0 ) * IF(_xlfn.XLOOKUP(D61, Move_List!$A:$A, Move_List!$C:$C)="Physical", K61, I61), 0)} -> 0 | P61: =(J61 + L61 + M61) / 3 -> 81 | Q61: =IF(O61>0, (N61+O61)/2, N61) * (P61 / 100) -> 5301.45 | R61: {=IFERROR(Q61 / IF(OR(_xlfn.IFNA(_xlfn.XLOOKUP(E61, Move_List!$A:$A, Move_List!$C:$C), "")={"Dynamax","Mega"}), G61*1.2, G61), 0)} -> 67.967308
A62: 1-1-023 | B62: Inteleon | C62: =_xlfn.XLOOKUP(A62,Stars!A:A,Stars!C:C) -> 5-star | D62: Snipe Shot | F62: 1 | G62: 108 | H62: 110 | I62: 115 | J62: 62 | K62: 79 | L62: 62 | M62: 115 | N62: {=IFERROR(_xlfn.XLOOKUP(D62, Move_List!$A:$A, Move_List!$D:$D) * _xlfn.IFS(UPPER(TRIM(_xlfn.XLOOKUP(D62, Move_List!$A:$A, Move_List!$C:$C)))="PHYSICAL", K62, UPPER(TRIM(_xlfn.XLOOKUP(D62, Move_List!$A:$A, Move_List!$C:$C)))="SPECIAL", I62, TRUE, 0), 0)} -> 9200 | O62: {=IFERROR( _xlfn.XLOOKUP(D62, Move_List!$A:$A, Move_List!$D:$D) * _xlfn.IFS( ISNUMBER(SEARCH("Max", E62)), LOOKUP(_xlfn.XLOOKUP(D62, Move_List!$A:$A, Move_List!$D:$D), {0,60,80,110,150}, {2.5,1.83,1.63,1.27,1}), E62<>"", LOOKUP(_xlfn.XLOOKUP(D62, Move_List!$A:$A, Move_List!$D:$D), {0,60,80,90,100,110,120,150}, {2.5,2,2,1.94,1.8,1.68,1.58,1.33}), TRUE, 0 ) * IF(_xlfn.XLOOKUP(D62, Move_List!$A:$A, Move_List!$C:$C)="Physical", K62, I62), 0)} -> 0 | P62: =(J62 + L62 + M62) / 3 -> 79.666667 | Q62: =IF(O62>0, (N62+O62)/2, N62) * (P62 / 100) -> 7329.3333 | R62: {=IFERROR(Q62 / IF(OR(_xlfn.IFNA(_xlfn.XLOOKUP(E62, Move_List!$A:$A, Move_List!$C:$C), "")={"Dynamax","Mega"}), G62*1.2, G62), 0)} -> 67.864198
A63: 1-1-019 | B63: Pikachu(5☆) | C63: =_xlfn.XLOOKUP(A63,Stars!A:A,Stars!C:C) -> 5-star | D63: Thunderbolt | E63: Max Lightning | F63: 1 | G63: 96 | H63: 114 | I63: 66 | J63: 66 | K63: 72 | L63: 53 | M63: 113 | N63: {=IFERROR(_xlfn.XLOOKUP(D63, Move_List!$A:$A, Move_List!$D:$D) * _xlfn.IFS(UPPER(TRIM(_xlfn.XLOOKUP(D63, Move_List!$A:$A, Move_List!$C:$C)))="PHYSICAL", K63, UPPER(TRIM(_xlfn.XLOOKUP(D63, Move_List!$A:$A, Move_List!$C:$C)))="SPECIAL", I63, TRUE, 0), 0)} -> 5940 | O63: {=IFERROR( _xlfn.XLOOKUP(D63, Move_List!$A:$A, Move_List!$D:$D) * _xlfn.IFS( ISNUMBER(SEARCH("Max", E63)), LOOKUP(_xlfn.XLOOKUP(D63, Move_List!$A:$A, Move_List!$D:$D), {0,60,80,110,150}, {2.5,1.83,1.63,1.27,1}), E63<>"", LOOKUP(_xlfn.XLOOKUP(D63, Move_List!$A:$A, Move_List!$D:$D), {0,60,80,90,100,110,120,150}, {2.5,2,2,1.94,1.8,1.68,1.58,1.33}), TRUE, 0 ) * IF(_xlfn.XLOOKUP(D63, Move_List!$A:$A, Move_List!$C:$C)="Physical", K63, I63), 0)} -> 9682.2 | P63: =(J63 + L63 + M63) / 3 -> 77.333333 | Q63: =IF(O63>0, (N63+O63)/2, N63) * (P63 / 100) -> 6040.584 | R63: {=IFERROR(Q63 / IF(OR(_xlfn.IFNA(_xlfn.XLOOKUP(E63, Move_List!$A:$A, Move_List!$C:$C), "")={"Dynamax","Mega"}), G63*1.2, G63), 0)} -> 62.92275
A64: 1-1-012 | B64: Flareon | C64: =_xlfn.XLOOKUP(A64,Stars!A:A,Stars!C:C) -> 5-star | D64: Flamethrower | F64: 1 | G64: 108 | H64: 62 | I64: 88 | J64: 101 | K64: 119 | L64: 57 | M64: 111 | N64: {=IFERROR(_xlfn.XLOOKUP(D64, Move_List!$A:$A, Move_List!$D:$D) * _xlfn.IFS(UPPER(TRIM(_xlfn.XLOOKUP(D64, Move_List!$A:$A, Move_List!$C:$C)))="PHYSICAL", K64, UPPER(TRIM(_xlfn.XLOOKUP(D64, Move_List!$A:$A, Move_List!$C:$C)))="SPECIAL", I64, TRUE, 0), 0)} -> 7920 | O64: {=IFERROR( _xlfn.XLOOKUP(D64, Move_List!$A:$A, Move_List!$D:$D) * _xlfn.IFS( ISNUMBER(SEARCH("Max", E64)), LOOKUP(_xlfn.XLOOKUP(D64, Move_List!$A:$A, Move_List!$D:$D), {0,60,80,110,150}, {2.5,1.83,1.63,1.27,1}), E64<>"", LOOKUP(_xlfn.XLOOKUP(D64, Move_List!$A:$A, Move_List!$D:$D), {0,60,80,90,100,110,120,150}, {2.5,2,2,1.94,1.8,1.68,1.58,1.33}), TRUE, 0 ) * IF(_xlfn.XLOOKUP(D64, Move_List!$A:$A, Move_List!$C:$C)="Physical", K64, I64), 0)} -> 0 | P64: =(J64 + L64 + M64) / 3 -> 89.666667 | Q64: =IF(O64>0, (N64+O64)/2, N64) * (P64 / 100) -> 7101.6 | R64: {=IFERROR(Q64 / IF(OR(_xlfn.IFNA(_xlfn.XLOOKUP(E64, Move_List!$A:$A, Move_List!$C:$C), "")={"Dynamax","Mega"}), G64*1.2, G64), 0)} -> 65.755556
A65: 1-1-024 | B65: Obstagoon | C65: =_xlfn.XLOOKUP(A65,Stars!A:A,Stars!C:C) -> 5-star | D65: Throat Chop | F65: 1 | G65: 112 | H65: 92 | I65: 60 | J65: 79 | K65: 87 | L65: 97 | M65: 141 | N65: {=IFERROR(_xlfn.XLOOKUP(D65, Move_List!$A:$A, Move_List!$D:$D) * _xlfn.IFS(UPPER(TRIM(_xlfn.XLOOKUP(D65, Move_List!$A:$A, Move_List!$C:$C)))="PHYSICAL", K65, UPPER(TRIM(_xlfn.XLOOKUP(D65, Move_List!$A:$A, Move_List!$C:$C)))="SPECIAL", I65, TRUE, 0), 0)} -> 6960 | O65: {=IFERROR( _xlfn.XLOOKUP(D65, Move_List!$A:$A, Move_List!$D:$D) * _xlfn.IFS( ISNUMBER(SEARCH("Max", E65)), LOOKUP(_xlfn.XLOOKUP(D65, Move_List!$A:$A, Move_List!$D:$D), {0,60,80,110,150}, {2.5,1.83,1.63,1.27,1}), E65<>"", LOOKUP(_xlfn.XLOOKUP(D65, Move_List!$A:$A, Move_List!$D:$D), {0,60,80,90,100,110,120,150}, {2.5,2,2,1.94,1.8,1.68,1.58,1.33}), TRUE, 0 ) * IF(_xlfn.XLOOKUP(D65, Move_List!$A:$A, Move_List!$C:$C)="Physical", K65, I65), 0)} -> 0 | P65: =(J65 + L65 + M65) / 3 -> 105.66667 | Q65: =IF(O65>0, (N65+O65)/2, N65) * (P65 / 100) -> 7354.4 | R65: {=IFERROR(Q65 / IF(OR(_xlfn.IFNA(_xlfn.XLOOKUP(E65, Move_List!$A:$A, Move_List!$C:$C), "")={"Dynamax","Mega"}), G65*1.2, G65), 0)} -> 65.664286
A66: 1-2-040 | B66: Empoleon | C66: =_xlfn.XLOOKUP(A66,Stars!A:A,Stars!C:C) -> 4-star | D66: Flash Cannon | F66: 0.9 | G66: 92 | H66: 49 | I66: 87 | J66: 79 | K66: 68 | L66: 70 | M66: 109 | N66: {=IFERROR(_xlfn.XLOOKUP(D66, Move_List!$A:$A, Move_List!$D:$D) * _xlfn.IFS(UPPER(TRIM(_xlfn.XLOOKUP(D66, Move_List!$A:$A, Move_List!$C:$C)))="PHYSICAL", K66, UPPER(TRIM(_xlfn.XLOOKUP(D66, Move_List!$A:$A, Move_List!$C:$C)))="SPECIAL", I66, TRUE, 0), 0)} -> 6960 | O66: {=IFERROR( _xlfn.XLOOKUP(D66, Move_List!$A:$A, Move_List!$D:$D) * _xlfn.IFS( ISNUMBER(SEARCH("Max", E66)), LOOKUP(_xlfn.XLOOKUP(D66, Move_List!$A:$A, Move_List!$D:$D), {0,60,80,110,150}, {2.5,1.83,1.63,1.27,1}), E66<>"", LOOKUP(_xlfn.XLOOKUP(D66, Move_List!$A:$A, Move_List!$D:$D), {0,60,80,90,100,110,120,150}, {2.5,2,2,1.94,1.8,1.68,1.58,1.33}), TRUE, 0 ) * IF(_xlfn.XLOOKUP(D66, Move_List!$A:$A, Move_List!$C:$C)="Physical", K66, I66), 0)} -> 0 | P66: =(J66 + L66 + M66) / 3 -> 86 | Q66: =IF(O66>0, (N66+O66)/2, N66) * (P66 / 100) -> 5985.6 | R66: {=IFERROR(Q66 / IF(OR(_xlfn.IFNA(_xlfn.XLOOKUP(E66, Move_List!$A:$A, Move_List!$C:$C), "")={"Dynamax","Mega"}), G66*1.2, G66), 0)} -> 65.06087
A67: R-1-1 | B67: Pikachu | C67: =_xlfn.XLOOKUP(A67,Stars!A:A,Stars!C:C) -> Special | D67: Thunderbolt | E67: Max Lightning | F67: 1 | G67: 96 | H67: 113 | I67: 65 | J67: 65 | K67: 71 | L67: 53 | M67: 112 | N67: {=IFERROR(_xlfn.XLOOKUP(D67, Move_List!$A:$A, Move_List!$D:$D) * _xlfn.IFS(UPPER(TRIM(_xlfn.XLOOKUP(D67, Move_List!$A:$A, Move_List!$C:$C)))="PHYSICAL", K67, UPPER(TRIM(_xlfn.XLOOKUP(D67, Move_List!$A:$A, Move_List!$C:$C)))="SPECIAL", I67, TRUE, 0), 0)} -> 5850 | O67: {=IFERROR( _xlfn.XLOOKUP(D67, Move_List!$A:$A, Move_List!$D:$D) * _xlfn.IFS( ISNUMBER(SEARCH("Max", E67)), LOOKUP(_xlfn.XLOOKUP(D67, Move_List!$A:$A, Move_List!$D:$D), {0,60,80,110,150}, {2.5,1.83,1.63,1.27,1}), E67<>"", LOOKUP(_xlfn.XLOOKUP(D67, Move_List!$A:$A, Move_List!$D:$D), {0,60,80,90,100,110,120,150}, {2.5,2,2,1.94,1.8,1.68,1.58,1.33}), TRUE, 0 ) * IF(_xlfn.XLOOKUP(D67, Move_List!$A:$A, Move_List!$C:$C)="Physical", K67, I67), 0)} -> 9535.5 | P67: =(J67 + L67 + M67) / 3 -> 76.666667 | Q67: =IF(O67>0, (N67+O67)/2, N67) * (P67 / 100) -> 5897.775 | R67: {=IFERROR(Q67 / IF(OR(_xlfn.IFNA(_xlfn.XLOOKUP(E67, Move_List!$A:$A, Move_List!$C:$C), "")={"Dynamax","Mega"}), G67*1.2, G67), 0)} -> 61.435156
A68: 1-1-067 | B68: Turtonator | C68: =_xlfn.XLOOKUP(A68,Stars!A:A,Stars!C:C) -> 4-star | D68: Flamethrower | F68: 1 | G68: 84 | H68: 30 | I68: 70 | J68: 66 | K68: 61 | L68: 102 | M68: 89 | N68: {=IFERROR(_xlfn.XLOOKUP(D68, Move_List!$A:$A, Move_List!$D:$D) * _xlfn.IFS(UPPER(TRIM(_xlfn.XLOOKUP(D68, Move_List!$A:$A, Move_List!$C:$C)))="PHYSICAL", K68, UPPER(TRIM(_xlfn.XLOOKUP(D68, Move_List!$A:$A, Move_List!$C:$C)))="SPECIAL", I68, TRUE, 0), 0)} -> 6300 | O68: {=IFERROR( _xlfn.XLOOKUP(D68, Move_List!$A:$A, Move_List!$D:$D) * _xlfn.IFS( ISNUMBER(SEARCH("Max", E68)), LOOKUP(_xlfn.XLOOKUP(D68, Move_List!$A:$A, Move_List!$D:$D), {0,60,80,110,150}, {2.5,1.83,1.63,1.27,1}), E68<>"", LOOKUP(_xlfn.XLOOKUP(D68, Move_List!$A:$A, Move_List!$D:$D), {0,60,80,90,100,110,120,150}, {2.5,2,2,1.94,1.8,1.68,1.58,1.33}), TRUE, 0 ) * IF(_xlfn.XLOOKUP(D68, Move_List!$A:$A, Move_List!$C:$C)="Physical", K68, I68), 0)} -> 0 | P68: =(J68 + L68 + M68) / 3 -> 85.666667 | Q68: =IF(O68>0, (N68+O68)/2, N68) * (P68 / 100) -> 5397 | R68: {=IFERROR(Q68 / IF(OR(_xlfn.IFNA(_xlfn.XLOOKUP(E68, Move_List!$A:$A, Move_List!$C:$C), "")={"Dynamax","Mega"}), G68*1.2, G68), 0)} -> 64.25
A69: 1-1-015 | B69: Pidgeot | C69: =_xlfn.XLOOKUP(A69,Stars!A:A,Stars!C:C) -> 5-star | D69: Hurricane | F69: 1 | G69: 100 | H69: 93 | I69: 66 | J69: 66 | K69: 75 | L69: 71 | M69: 127 | N69: {=IFERROR(_xlfn.XLOOKUP(D69, Move_List!$A:$A, Move_List!$D:$D) * _xlfn.IFS(UPPER(TRIM(_xlfn.XLOOKUP(D69, Move_List!$A:$A, Move_List!$C:$C)))="PHYSICAL", K69, UPPER(TRIM(_xlfn.XLOOKUP(D69, Move_List!$A:$A, Move_List!$C:$C)))="SPECIAL", I69, TRUE, 0), 0)} -> 7260 | O69: {=IFERROR( _xlfn.XLOOKUP(D69, Move_List!$A:$A, Move_List!$D:$D) * _xlfn.IFS( ISNUMBER(SEARCH("Max", E69)), LOOKUP(_xlfn.XLOOKUP(D69, Move_List!$A:$A, Move_List!$D:$D), {0,60,80,110,150}, {2.5,1.83,1.63,1.27,1}), E69<>"", LOOKUP(_xlfn.XLOOKUP(D69, Move_List!$A:$A, Move_List!$D:$D), {0,60,80,90,100,110,120,150}, {2.5,2,2,1.94,1.8,1.68,1.58,1.33}), TRUE, 0 ) * IF(_xlfn.XLOOKUP(D69, Move_List!$A:$A, Move_List!$C:$C)="Physical", K69, I69), 0)} -> 0 | P69: =(J69 + L69 + M69) / 3 -> 88 | Q69: =IF(O69>0, (N69+O69)/2, N69) * (P69 / 100) -> 6388.8 | R69: {=IFERROR(Q69 / IF(OR(_xlfn.IFNA(_xlfn.XLOOKUP(E69, Move_List!$A:$A, Move_List!$C:$C), "")={"Dynamax","Mega"}), G69*1.2, G69), 0)} -> 63.888
A70: 1-1-037 | B70: Cinderace | C70: =_xlfn.XLOOKUP(A70,Stars!A:A,Stars!C:C) -> 4-star | D70: Blaze Kick | F70: 0.9 | G70: 90 | H70: 90 | I70: 51 | J70: 59 | K70: 88 | L70: 59 | M70: 103 | N70: {=IFERROR(_xlfn.XLOOKUP(D70, Move_List!$A:$A, Move_List!$D:$D) * _xlfn.IFS(UPPER(TRIM(_xlfn.XLOOKUP(D70, Move_List!$A:$A, Move_List!$C:$C)))="PHYSICAL", K70, UPPER(TRIM(_xlfn.XLOOKUP(D70, Move_List!$A:$A, Move_List!$C:$C)))="SPECIAL", I70, TRUE, 0), 0)} -> 7480 | O70: {=IFERROR( _xlfn.XLOOKUP(D70, Move_List!$A:$A, Move_List!$D:$D) * _xlfn.IFS( ISNUMBER(SEARCH("Max", E70)), LOOKUP(_xlfn.XLOOKUP(D70, Move_List!$A:$A, Move_List!$D:$D), {0,60,80,110,150}, {2.5,1.83,1.63,1.27,1}), E70<>"", LOOKUP(_xlfn.XLOOKUP(D70, Move_List!$A:$A, Move_List!$D:$D), {0,60,80,90,100,110,120,150}, {2.5,2,2,1.94,1.8,1.68,1.58,1.33}), TRUE, 0 ) * IF(_xlfn.XLOOKUP(D70, Move_List!$A:$A, Move_List!$C:$C)="Physical", K70, I70), 0)} -> 0 | P70: =(J70 + L70 + M70) / 3 -> 73.666667 | Q70: =IF(O70>0, (N70+O70)/2, N70) * (P70 / 100) -> 5510.2667 | R70: {=IFERROR(Q70 / IF(OR(_xlfn.IFNA(_xlfn.XLOOKUP(E70, Move_List!$A:$A, Move_List!$C:$C), "")={"Dynamax","Mega"}), G70*1.2, G70), 0)} -> 61.225185
A71: 1-1-043 | B71: Raichu | C71: =_xlfn.XLOOKUP(A71,Stars!A:A,Stars!C:C) -> 4-star | D71: Thunder | F71: 0.7 | G71: 84 | H71: 84 | I71: 69 | J71: 62 | K71: 69 | L71: 44 | M71: 89 | N71: {=IFERROR(_xlfn.XLOOKUP(D71, Move_List!$A:$A, Move_List!$D:$D) * _xlfn.IFS(UPPER(TRIM(_xlfn.XLOOKUP(D71, Move_List!$A:$A, Move_List!$C:$C)))="PHYSICAL", K71, UPPER(TRIM(_xlfn.XLOOKUP(D71, Move_List!$A:$A, Move_List!$C:$C)))="SPECIAL", I71, TRUE, 0), 0)} -> 7590 | O71: {=IFERROR( _xlfn.XLOOKUP(D71, Move_List!$A:$A, Move_List!$D:$D) * _xlfn.IFS( ISNUMBER(SEARCH("Max", E71)), LOOKUP(_xlfn.XLOOKUP(D71, Move_List!$A:$A, Move_List!$D:$D), {0,60,80,110,150}, {2.5,1.83,1.63,1.27,1}), E71<>"", LOOKUP(_xlfn.XLOOKUP(D71, Move_List!$A:$A, Move_List!$D:$D), {0,60,80,90,100,110,120,150}, {2.5,2,2,1.94,1.8,1.68,1.58,1.33}), TRUE, 0 ) * IF(_xlfn.XLOOKUP(D71, Move_List!$A:$A, Move_List!$C:$C)="Physical", K71, I71), 0)} -> 0 | P71: =(J71 + L71 + M71) / 3 -> 65 | Q71: =IF(O71>0, (N71+O71)/2, N71) * (P71 / 100) -> 4933.5 | R71: {=IFERROR(Q71 / IF(OR(_xlfn.IFNA(_xlfn.XLOOKUP(E71, Move_List!$A:$A, Move_List!$C:$C), "")={"Dynamax","Mega"}), G71*1.2, G71), 0)} -> 58.732143
A72: 1-1-031 | B72: Quaxwell | C72: =_xlfn.XLOOKUP(A72,Stars!A:A,Stars!C:C) -> 3-star | D72: Liquidation | F72: 1 | G72: 84 | H72: 59 | I72: 59 | J72: 55 | K72: 76 | L72: 59 | M72: 110 | N72: {=IFERROR(_xlfn.XLOOKUP(D72, Move_List!$A:$A, Move_List!$D:$D) * _xlfn.IFS(UPPER(TRIM(_xlfn.XLOOKUP(D72, Move_List!$A:$A, Move_List!$C:$C)))="PHYSICAL", K72, UPPER(TRIM(_xlfn.XLOOKUP(D72, Move_List!$A:$A, Move_List!$C:$C)))="SPECIAL", I72, TRUE, 0), 0)} -> 6460 | O72: {=IFERROR( _xlfn.XLOOKUP(D72, Move_List!$A:$A, Move_List!$D:$D) * _xlfn.IFS( ISNUMBER(SEARCH("Max", E72)), LOOKUP(_xlfn.XLOOKUP(D72, Move_List!$A:$A, Move_List!$D:$D), {0,60,80,110,150}, {2.5,1.83,1.63,1.27,1}), E72<>"", LOOKUP(_xlfn.XLOOKUP(D72, Move_List!$A:$A, Move_List!$D:$D), {0,60,80,90,100,110,120,150}, {2.5,2,2,1.94,1.8,1.68,1.58,1.33}), TRUE, 0 ) * IF(_xlfn.XLOOKUP(D72, Move_List!$A:$A, Move_List!$C:$C)="Physical", K72, I72), 0)} -> 0 | P72: =(J72 + L72 + M72) / 3 -> 74.666667 | Q72: =IF(O72>0, (N72+O72)/2, N72) * (P72 / 100) -> 4823.4667 | R72: {=IFERROR(Q72 / IF(OR(_xlfn.IFNA(_xlfn.XLOOKUP(E72, Move_List!$A:$A, Move_List!$C:$C), "")={"Dynamax","Mega"}), G72*1.2, G72), 0)} -> 57.422222
A73: 1-1-070 | B73: Frosmoth | C73: =_xlfn.XLOOKUP(A73,Stars!A:A,Stars!C:C) -> 4-star | D73: Aurora Beam | F73: 1 | G73: 86 | H73: 54 | I73: 100 | J73: 73 | K73: 54 | L73: 50 | M73: 101 | N73: {=IFERROR(_xlfn.XLOOKUP(D73, Move_List!$A:$A, Move_List!$D:$D) * _xlfn.IFS(UPPER(TRIM(_xlfn.XLOOKUP(D73, Move_List!$A:$A, Move_List!$C:$C)))="PHYSICAL", K73, UPPER(TRIM(_xlfn.XLOOKUP(D73, Move_List!$A:$A, Move_List!$C:$C)))="SPECIAL", I73, TRUE, 0), 0)} -> 6500 | O73: {=IFERROR( _xlfn.XLOOKUP(D73, Move_List!$A:$A, Move_List!$D:$D) * _xlfn.IFS( ISNUMBER(SEARCH("Max", E73)), LOOKUP(_xlfn.XLOOKUP(D73, Move_List!$A:$A, Move_List!$D:$D), {0,60,80,110,150}, {2.5,1.83,1.63,1.27,1}), E73<>"", LOOKUP(_xlfn.XLOOKUP(D73, Move_List!$A:$A, Move_List!$D:$D), {0,60,80,90,100,110,120,150}, {2.5,2,2,1.94,1.8,1.68,1.58,1.33}), TRUE, 0 ) * IF(_xlfn.XLOOKUP(D73, Move_List!$A:$A, Move_List!$C:$C)="Physical", K73, I73), 0)} -> 0 | P73: =(J73 + L73 + M73) / 3 -> 74.666667 | Q73: =IF(O73>0, (N73+O73)/2, N73) * (P73 / 100) -> 4853.3333 | R73: {=IFERROR(Q73 / IF(OR(_xlfn.IFNA(_xlfn.XLOOKUP(E73, Move_List!$A:$A, Move_List!$C:$C), "")={"Dynamax","Mega"}), G73*1.2, G73), 0)} -> 56.434109
A74: 1-1-040 | B74: Inteleon | C74: =_xlfn.XLOOKUP(A74,Stars!A:A,Stars!C:C) -> 4-star | D74: Snipe Shot | F74: 1 | G74: 90 | H74: 91 | I74: 95 | J74: 51 | K74: 66 | L74: 51 | M74: 96 | N74: {=IFERROR(_xlfn.XLOOKUP(D74, Move_List!$A:$A, Move_List!$D:$D) * _xlfn.IFS(UPPER(TRIM(_xlfn.XLOOKUP(D74, Move_List!$A:$A, Move_List!$C:$C)))="PHYSICAL", K74, UPPER(TRIM(_xlfn.XLOOKUP(D74, Move_List!$A:$A, Move_List!$C:$C)))="SPECIAL", I74, TRUE, 0), 0)} -> 7600 | O74: {=IFERROR( _xlfn.XLOOKUP(D74, Move_List!$A:$A, Move_List!$D:$D) * _xlfn.IFS( ISNUMBER(SEARCH("Max", E74)), LOOKUP(_xlfn.XLOOKUP(D74, Move_List!$A:$A, Move_List!$D:$D), {0,60,80,110,150}, {2.5,1.83,1.63,1.27,1}), E74<>"", LOOKUP(_xlfn.XLOOKUP(D74, Move_List!$A:$A, Move_List!$D:$D), {0,60,80,90,100,110,120,150}, {2.5,2,2,1.94,1.8,1.68,1.58,1.33}), TRUE, 0 ) * IF(_xlfn.XLOOKUP(D74, Move_List!$A:$A, Move_List!$C:$C)="Physical", K74, I74), 0)} -> 0 | P74: =(J74 + L74 + M74) / 3 -> 66 | Q74: =IF(O74>0, (N74+O74)/2, N74) * (P74 / 100) -> 5016 | R74: {=IFERROR(Q74 / IF(OR(_xlfn.IFNA(_xlfn.XLOOKUP(E74, Move_List!$A:$A, Move_List!$C:$C), "")={"Dynamax","Mega"}), G74*1.2, G74), 0)} -> 55.733333
A75: 1-2-049 | B75: Pidgeot | C75: =_xlfn.XLOOKUP(A75,Stars!A:A,Stars!C:C) -> 4-star | D75: Hurricane | F75: 0.95 | G75: 82 | H75: 77 | I75: 55 | J75: 55 | K75: 62 | L75: 59 | M75: 105 | N75: {=IFERROR(_xlfn.XLOOKUP(D75, Move_List!$A:$A, Move_List!$D:$D) * _xlfn.IFS(UPPER(TRIM(_xlfn.XLOOKUP(D75, Move_List!$A:$A, Move_List!$C:$C)))="PHYSICAL", K75, UPPER(TRIM(_xlfn.XLOOKUP(D75, Move_List!$A:$A, Move_List!$C:$C)))="SPECIAL", I75, TRUE, 0), 0)} -> 6050 | O75: {=IFERROR( _xlfn.XLOOKUP(D75, Move_List!$A:$A, Move_List!$D:$D) * _xlfn.IFS( ISNUMBER(SEARCH("Max", E75)), LOOKUP(_xlfn.XLOOKUP(D75, Move_List!$A:$A, Move_List!$D:$D), {0,60,80,110,150}, {2.5,1.83,1.63,1.27,1}), E75<>"", LOOKUP(_xlfn.XLOOKUP(D75, Move_List!$A:$A, Move_List!$D:$D), {0,60,80,90,100,110,120,150}, {2.5,2,2,1.94,1.8,1.68,1.58,1.33}), TRUE, 0 ) * IF(_xlfn.XLOOKUP(D75, Move_List!$A:$A, Move_List!$C:$C)="Physical", K75, I75), 0)} -> 0 | P75: =(J75 + L75 + M75) / 3 -> 73 | Q75: =IF(O75>0, (N75+O75)/2, N75) * (P75 / 100) -> 4416.5 | R75: {=IFERROR(Q75 / IF(OR(_xlfn.IFNA(_xlfn.XLOOKUP(E75, Move_List!$A:$A, Move_List!$C:$C), "")={"Dynamax","Mega"}), G75*1.2, G75), 0)} -> 53.859756
A76: 1-1-013 | B76: Umbreon | C76: =_xlfn.XLOOKUP(A76,Stars!A:A,Stars!C:C) -> 5-star | D76: Dark Pulse | F76: 1 | G76: 112 | H76: 64 | I76: 60 | J76: 124 | K76: 64 | L76: 106 | M76: 143 | N76: {=IFERROR(_xlfn.XLOOKUP(D76, Move_List!$A:$A, Move_List!$D:$D) * _xlfn.IFS(UPPER(TRIM(_xlfn.XLOOKUP(D76, Move_List!$A:$A, Move_List!$C:$C)))="PHYSICAL", K76, UPPER(TRIM(_xlfn.XLOOKUP(D76, Move_List!$A:$A, Move_List!$C:$C)))="SPECIAL", I76, TRUE, 0), 0)} -> 4800 | O76: {=IFERROR( _xlfn.XLOOKUP(D76, Move_List!$A:$A, Move_List!$D:$D) * _xlfn.IFS( ISNUMBER(SEARCH("Max", E76)), LOOKUP(_xlfn.XLOOKUP(D76, Move_List!$A:$A, Move_List!$D:$D), {0,60,80,110,150}, {2.5,1.83,1.63,1.27,1}), E76<>"", LOOKUP(_xlfn.XLOOKUP(D76, Move_List!$A:$A, Move_List!$D:$D), {0,60,80,90,100,110,120,150}, {2.5,2,2,1.94,1.8,1.68,1.58,1.33}), TRUE, 0 ) * IF(_xlfn.XLOOKUP(D76, Move_List!$A:$A, Move_List!$C:$C)="Physical", K76, I76), 0)} -> 0 | P76: =(J76 + L76 + M76) / 3 -> 124.33333 | Q76: =IF(O76>0, (N76+O76)/2, N76) * (P76 / 100) -> 5968 | R76: {=IFERROR(Q76 / IF(OR(_xlfn.IFNA(_xlfn.XLOOKUP(E76, Move_List!$A:$A, Move_List!$C:$C), "")={"Dynamax","Mega"}), G76*1.2, G76), 0)} -> 53.285714
A77: 1-2-027 | B77: Skeledirge | C77: =_xlfn.XLOOKUP(A77,Stars!A:A,Stars!C:C) -> 4-star | D77: Hex | F77: 1 | G77: 92 | H77: 53 | I77: 86 | J77: 60 | K77: 60 | L77: 79 | M77: 123 | N77: {=IFERROR(_xlfn.XLOOKUP(D77, Move_List!$A:$A, Move_List!$D:$D) * _xlfn.IFS(UPPER(TRIM(_xlfn.XLOOKUP(D77, Move_List!$A:$A, Move_List!$C:$C)))="PHYSICAL", K77, UPPER(TRIM(_xlfn.XLOOKUP(D77, Move_List!$A:$A, Move_List!$C:$C)))="SPECIAL", I77, TRUE, 0), 0)} -> 5590 | O77: {=IFERROR( _xlfn.XLOOKUP(D77, Move_List!$A:$A, Move_List!$D:$D) * _xlfn.IFS( ISNUMBER(SEARCH("Max", E77)), LOOKUP(_xlfn.XLOOKUP(D77, Move_List!$A:$A, Move_List!$D:$D), {0,60,80,110,150}, {2.5,1.83,1.63,1.27,1}), E77<>"", LOOKUP(_xlfn.XLOOKUP(D77, Move_List!$A:$A, Move_List!$D:$D), {0,60,80,90,100,110,120,150}, {2.5,2,2,1.94,1.8,1.68,1.58,1.33}), TRUE, 0 ) * IF(_xlfn.XLOOKUP(D77, Move_List!$A:$A, Move_List!$C:$C)="Physical", K77, I77), 0)} -> 0 | P77: =(J77 + L77 + M77) / 3 -> 87.333333 | Q77: =IF(O77>0, (N77+O77)/2, N77) * (P77 / 100) -> 4881.9333 | R77: {=IFERROR(Q77 / IF(OR(_xlfn.IFNA(_xlfn.XLOOKUP(E77, Move_List!$A:$A, Move_List!$C:$C), "")={"Dynamax","Mega"}), G77*1.2, G77), 0)} -> 53.064493
A78: 1-2-044 | B78: Glaceon | C78: =_xlfn.XLOOKUP(A78,Stars!A:A,Stars!C:C) -> 4-star | D78: Icy Wind | F78: 1 | G78: 94 | H78: 54 | I78: 103 | J78: 77 | K78: 50 | L78: 88 | M78: 97 | N78: {=IFERROR(_xlfn.XLOOKUP(D78, Move_List!$A:$A, Move_List!$D:$D) * _xlfn.IFS(UPPER(TRIM(_xlfn.XLOOKUP(D78, Move_List!$A:$A, Move_List!$C:$C)))="PHYSICAL", K78, UPPER(TRIM(_xlfn.XLOOKUP(D78, Move_List!$A:$A, Move_List!$C:$C)))="SPECIAL", I78, TRUE, 0), 0)} -> 5665 | O78: {=IFERROR( _xlfn.XLOOKUP(D78, Move_List!$A:$A, Move_List!$D:$D) * _xlfn.IFS( ISNUMBER(SEARCH("Max", E78)), LOOKUP(_xlfn.XLOOKUP(D78, Move_List!$A:$A, Move_List!$D:$D), {0,60,80,110,150}, {2.5,1.83,1.63,1.27,1}), E78<>"", LOOKUP(_xlfn.XLOOKUP(D78, Move_List!$A:$A, Move_List!$D:$D), {0,60,80,90,100,110,120,150}, {2.5,2,2,1.94,1.8,1.68,1.58,1.33}), TRUE, 0 ) * IF(_xlfn.XLOOKUP(D78, Move_List!$A:$A, Move_List!$C:$C)="Physical", K78, I78), 0)} -> 0 | P78: =(J78 + L78 + M78) / 3 -> 87.333333 | Q78: =IF(O78>0, (N78+O78)/2, N78) * (P78 / 100) -> 4947.4333 | R78: {=IFERROR(Q78 / IF(OR(_xlfn.IFNA(_xlfn.XLOOKUP(E78, Move_List!$A:$A, Move_List!$C:$C), "")={"Dynamax","Mega"}), G78*1.2, G78), 0)} -> 52.63227
A79: 1-1-050 | B79: Weavile | C79: =_xlfn.XLOOKUP(A79,Stars!A:A,Stars!C:C) -> 4-star | D79: Night Slash | F79: 1 | G79: 90 | H79: 97 | I79: 37 | J79: 67 | K79: 93 | L79: 53 | M79: 98 | N79: {=IFERROR(_xlfn.XLOOKUP(D79, Move_List!$A:$A, Move_List!$D:$D) * _xlfn.IFS(UPPER(TRIM(_xlfn.XLOOKUP(D79, Move_List!$A:$A, Move_List!$C:$C)))="PHYSICAL", K79, UPPER(TRIM(_xlfn.XLOOKUP(D79, Move_List!$A:$A, Move_List!$C:$C)))="SPECIAL", I79, TRUE, 0), 0)} -> 6510 | O79: {=IFERROR( _xlfn.XLOOKUP(D79, Move_List!$A:$A, Move_List!$D:$D) * _xlfn.IFS( ISNUMBER(SEARCH("Max", E79)), LOOKUP(_xlfn.XLOOKUP(D79, Move_List!$A:$A, Move_List!$D:$D), {0,60,80,110,150}, {2.5,1.83,1.63,1.27,1}), E79<>"", LOOKUP(_xlfn.XLOOKUP(D79, Move_List!$A:$A, Move_List!$D:$D), {0,60,80,90,100,110,120,150}, {2.5,2,2,1.94,1.8,1.68,1.58,1.33}), TRUE, 0 ) * IF(_xlfn.XLOOKUP(D79, Move_List!$A:$A, Move_List!$C:$C)="Physical", K79, I79), 0)} -> 0 | P79: =(J79 + L79 + M79) / 3 -> 72.666667 | Q79: =IF(O79>0, (N79+O79)/2, N79) * (P79 / 100) -> 4730.6 | R79: {=IFERROR(Q79 / IF(OR(_xlfn.IFNA(_xlfn.XLOOKUP(E79, Move_List!$A:$A, Move_List!$C:$C), "")={"Dynamax","Mega"}), G79*1.2, G79), 0)} -> 52.562222
... A83: 1-2-053 | B83: Bronzong | C83: =_xlfn.XLOOKUP(A83,Stars!A:A,Stars!C:C) -> 3-star | D83: Iron Head | F83: 1 | G83: 74 | H83: 24 | I83: 53 | J83: 76 | K83: 60 | L83: 76 | M83: 82 | N83: {=IFERROR(_xlfn.XLOOKUP(D83, Move_List!$A:$A, Move_List!$D:$D) * _xlfn.IFS(UPPER(TRIM(_xlfn.XLOOKUP(D83, Move_List!$A:$A, Move_List!$C:$C)))="PHYSICAL", K83, UPPER(TRIM(_xlfn.XLOOKUP(D83, Move_List!$A:$A, Move_List!$C:$C)))="SPECIAL", I83, TRUE, 0), 0)} -> 4800 | O83: {=IFERROR( _xlfn.XLOOKUP(D83, Move_List!$A:$A, Move_List!$D:$D) * _xlfn.IFS( ISNUMBER(SEARCH("Max", E83)), LOOKUP(_xlfn.XLOOKUP(D83, Move_List!$A:$A, Move_List!$D:$D), {0,60,80,110,150}, {2.5,1.83,1.63,1.27,1}), E83<>"", LOOKUP(_xlfn.XLOOKUP(D83, Move_List!$A:$A, Move_List!$D:$D), {0,60,80,90,100,110,120,150}, {2.5,2,2,1.94,1.8,1.68,1.58,1.33}), TRUE, 0 ) * IF(_xlfn.XLOOKUP(D83, Move_List!$A:$A, Move_List!$C:$C)="Physical", K83, I83), 0)} -> 0 | P83: =(J83 + L83 + M83) / 3 -> 78 | Q83: =IF(O83>0, (N83+O83)/2, N83) * (P83 / 100) -> 3744 | R83: {=IFERROR(Q83 / IF(OR(_xlfn.IFNA(_xlfn.XLOOKUP(E83, Move_List!$A:$A, Move_List!$C:$C), "")={"Dynamax","Mega"}), G83*1.2, G83), 0)} -> 50.594595
A84: 1-2-004 | B84: Pikachu | C84: =_xlfn.XLOOKUP(A84,Stars!A:A,Stars!C:C) -> 6-star | D84: Thunderbolt | E84: Gigavolt Havoc | F84: 1 | G84: 102 | H84: 120 | I84: 69 | J84: 69 | K84: 75 | L84: 56 | M84: 118 | N84: {=IFERROR(_xlfn.XLOOKUP(D84, Move_List!$A:$A, Move_List!$D:$D) * _xlfn.IFS(UPPER(TRIM(_xlfn.XLOOKUP(D84, Move_List!$A:$A, Move_List!$C:$C)))="PHYSICAL", K84, UPPER(TRIM(_xlfn.XLOOKUP(D84, Move_List!$A:$A, Move_List!$C:$C)))="SPECIAL", I84, TRUE, 0), 0)} -> 6210 | O84: {=IFERROR( _xlfn.XLOOKUP(D84, Move_List!$A:$A, Move_List!$D:$D) * _xlfn.IFS( ISNUMBER(SEARCH("Max", E84)), LOOKUP(_xlfn.XLOOKUP(D84, Move_List!$A:$A, Move_List!$D:$D), {0,60,80,110,150}, {2.5,1.83,1.63,1.27,1}), E84<>"", LOOKUP(_xlfn.XLOOKUP(D84, Move_List!$A:$A, Move_List!$D:$D), {0,60,80,90,100,110,120,150}, {2.5,2,2,1.94,1.8,1.68,1.58,1.33}), TRUE, 0 ) * IF(_xlfn.XLOOKUP(D84, Move_List!$A:$A, Move_List!$C:$C)="Physical", K84, I84), 0)} -> 12047.4 | P84: =(J84 + L84 + M84) / 3 -> 81 | Q84: =IF(O84>0, (N84+O84)/2, N84) * (P84 / 100) -> 7394.247 | R84: {=IFERROR(Q84 / IF(OR(_xlfn.IFNA(_xlfn.XLOOKUP(E84, Move_List!$A:$A, Move_List!$C:$C), "")={"Dynamax","Mega"}), G84*1.2, G84), 0)} -> 72.492618
A85: 1-2-058 | B85: Pelipper | C85: =_xlfn.XLOOKUP(A85,Stars!A:A,Stars!C:C) -> 3-star | D85: Scald | F85: 0.95 | G85: 70 | H85: 46 | I85: 65 | J85: 49 | K85: 37 | L85: 69 | M85: 80 | N85: {=IFERROR(_xlfn.XLOOKUP(D85, Move_List!$A:$A, Move_List!$D:$D) * _xlfn.IFS(UPPER(TRIM(_xlfn.XLOOKUP(D85, Move_List!$A:$A, Move_List!$C:$C)))="PHYSICAL", K85, UPPER(TRIM(_xlfn.XLOOKUP(D85, Move_List!$A:$A, Move_List!$C:$C)))="SPECIAL", I85, TRUE, 0), 0)} -> 5200 | O85: {=IFERROR( _xlfn.XLOOKUP(D85, Move_List!$A:$A, Move_List!$D:$D) * _xlfn.IFS( ISNUMBER(SEARCH("Max", E85)), LOOKUP(_xlfn.XLOOKUP(D85, Move_List!$A:$A, Move_List!$D:$D), {0,60,80,110,150}, {2.5,1.83,1.63,1.27,1}), E85<>"", LOOKUP(_xlfn.XLOOKUP(D85, Move_List!$A:$A, Move_List!$D:$D), {0,60,80,90,100,110,120,150}, {2.5,2,2,1.94,1.8,1.68,1.58,1.33}), TRUE, 0 ) * IF(_xlfn.XLOOKUP(D85, Move_List!$A:$A, Move_List!$C:$C)="Physical", K85, I85), 0)} -> 0 | P85: =(J85 + L85 + M85) / 3 -> 66 | Q85: =IF(O85>0, (N85+O85)/2, N85) * (P85 / 100) -> 3432 | R85: {=IFERROR(Q85 / IF(OR(_xlfn.IFNA(_xlfn.XLOOKUP(E85, Move_List!$A:$A, Move_List!$C:$C), "")={"Dynamax","Mega"}), G85*1.2, G85), 0)} -> 49.028571
A86: 1-2-041 | B86: Vaporeon | C86: =_xlfn.XLOOKUP(A86,Stars!A:A,Stars!C:C) -> 4-star | D86: Water Pulse | F86: 0.85 | G86: 90 | H86: 51 | I86: 84 | J86: 73 | K86: 51 | L86: 48 | M86: 139 | N86: {=IFERROR(_xlfn.XLOOKUP(D86, Move_List!$A:$A, Move_List!$D:$D) * _xlfn.IFS(UPPER(TRIM(_xlfn.XLOOKUP(D86, Move_List!$A:$A, Move_List!$C:$C)))="PHYSICAL", K86, UPPER(TRIM(_xlfn.XLOOKUP(D86, Move_List!$A:$A, Move_List!$C:$C)))="SPECIAL", I86, TRUE, 0), 0)} -> 5040 | O86: {=IFERROR( _xlfn.XLOOKUP(D86, Move_List!$A:$A, Move_List!$D:$D) * _xlfn.IFS( ISNUMBER(SEARCH("Max", E86)), LOOKUP(_xlfn.XLOOKUP(D86, Move_List!$A:$A, Move_List!$D:$D), {0,60,80,110,150}, {2.5,1.83,1.63,1.27,1}), E86<>"", LOOKUP(_xlfn.XLOOKUP(D86, Move_List!$A:$A, Move_List!$D:$D), {0,60,80,90,100,110,120,150}, {2.5,2,2,1.94,1.8,1.68,1.58,1.33}), TRUE, 0 ) * IF(_xlfn.XLOOKUP(D86, Move_List!$A:$A, Move_List!$C:$C)="Physical", K86, I86), 0)} -> 0 | P86: =(J86 + L86 + M86) / 3 -> 86.666667 | Q86: =IF(O86>0, (N86+O86)/2, N86) * (P86 / 100) -> 4368 | R86: {=IFERROR(Q86 / IF(OR(_xlfn.IFNA(_xlfn.XLOOKUP(E86, Move_List!$A:$A, Move_List!$C:$C), "")={"Dynamax","Mega"}), G86*1.2, G86), 0)} -> 48.533333
A87: 1-1-059 | B87: Obstagoon | C87: =_xlfn.XLOOKUP(A87,Stars!A:A,Stars!C:C) -> 4-star | D87: Night Slash | F87: 1 | G87: 90 | H87: 75 | I87: 49 | J87: 64 | K87: 71 | L87: 79 | M87: 115 | N87: {=IFERROR(_xlfn.XLOOKUP(D87, Move_List!$A:$A, Move_List!$D:$D) * _xlfn.IFS(UPPER(TRIM(_xlfn.XLOOKUP(D87, Move_List!$A:$A, Move_List!$C:$C)))="PHYSICAL", K87, UPPER(TRIM(_xlfn.XLOOKUP(D87, Move_List!$A:$A, Move_List!$C:$C)))="SPECIAL", I87, TRUE, 0), 0)} -> 4970 | O87: {=IFERROR( _xlfn.XLOOKUP(D87, Move_List!$A:$A, Move_List!$D:$D) * _xlfn.IFS( ISNUMBER(SEARCH("Max", E87)), LOOKUP(_xlfn.XLOOKUP(D87, Move_List!$A:$A, Move_List!$D:$D), {0,60,80,110,150}, {2.5,1.83,1.63,1.27,1}), E87<>"", LOOKUP(_xlfn.XLOOKUP(D87, Move_List!$A:$A, Move_List!$D:$D), {0,60,80,90,100,110,120,150}, {2.5,2,2,1.94,1.8,1.68,1.58,1.33}), TRUE, 0 ) * IF(_xlfn.XLOOKUP(D87, Move_List!$A:$A, Move_List!$C:$C)="Physical", K87, I87), 0)} -> 0 | P87: =(J87 + L87 + M87) / 3 -> 86 | Q87: =IF(O87>0, (N87+O87)/2, N87) * (P87 / 100) -> 4274.2 | R87: {=IFERROR(Q87 / IF(OR(_xlfn.IFNA(_xlfn.XLOOKUP(E87, Move_List!$A:$A, Move_List!$C:$C), "")={"Dynamax","Mega"}), G87*1.2, G87), 0)} -> 47.491111
A88: 1-2-066 | B88: Togedemaru | C88: =_xlfn.XLOOKUP(A88,Stars!A:A,Stars!C:C) -> 3-star | D88: Zing Zap | F88: 1 | G88: 68 | H88: 66 | I88: 30 | J88: 51 | K88: 67 | L88: 45 | M88: 83 | N88: {=IFERROR(_xlfn.XLOOKUP(D88, Move_List!$A:$A, Move_List!$D:$D) * _xlfn.IFS(UPPER(TRIM(_xlfn.XLOOKUP(D88, Move_List!$A:$A, Move_List!$C:$C)))="PHYSICAL", K88, UPPER(TRIM(_xlfn.XLOOKUP(D88, Move_List!$A:$A, Move_List!$C:$C)))="SPECIAL", I88, TRUE, 0), 0)} -> 5360 | O88: {=IFERROR( _xlfn.XLOOKUP(D88, Move_List!$A:$A, Move_List!$D:$D) * _xlfn.IFS( ISNUMBER(SEARCH("Max", E88)), LOOKUP(_xlfn.XLOOKUP(D88, Move_List!$A:$A, Move_List!$D:$D), {0,60,80,110,150}, {2.5,1.83,1.63,1.27,1}), E88<>"", LOOKUP(_xlfn.XLOOKUP(D88, Move_List!$A:$A, Move_List!$D:$D), {0,60,80,90,100,110,120,150}, {2.5,2,2,1.94,1.8,1.68,1.58,1.33}), TRUE, 0 ) * IF(_xlfn.XLOOKUP(D88, Move_List!$A:$A, Move_List!$C:$C)="Physical", K88, I88), 0)} -> 0 | P88: =(J88 + L88 + M88) / 3 -> 59.666667 | Q88: =IF(O88>0, (N88+O88)/2, N88) * (P88 / 100) -> 3198.1333 | R88: {=IFERROR(Q88 / IF(OR(_xlfn.IFNA(_xlfn.XLOOKUP(E88, Move_List!$A:$A, Move_List!$C:$C), "")={"Dynamax","Mega"}), G88*1.2, G88), 0)} -> 47.031373
A89: 1-2-026 | B89: Meowscarada | C89: =_xlfn.XLOOKUP(A89,Stars!A:A,Stars!C:C) -> 4-star | D89: Night Slash | F89: 1 | G89: 92 | H89: 96 | I89: 64 | J89: 56 | K89: 86 | L89: 56 | M89: 103 | N89: {=IFERROR(_xlfn.XLOOKUP(D89, Move_List!$A:$A, Move_List!$D:$D) * _xlfn.IFS(UPPER(TRIM(_xlfn.XLOOKUP(D89, Move_List!$A:$A, Move_List!$C:$C)))="PHYSICAL", K89, UPPER(TRIM(_xlfn.XLOOKUP(D89, Move_List!$A:$A, Move_List!$C:$C)))="SPECIAL", I89, TRUE, 0), 0)} -> 6020 | O89: {=IFERROR( _xlfn.XLOOKUP(D89, Move_List!$A:$A, Move_List!$D:$D) * _xlfn.IFS( ISNUMBER(SEARCH("Max", E89)), LOOKUP(_xlfn.XLOOKUP(D89, Move_List!$A:$A, Move_List!$D:$D), {0,60,80,110,150}, {2.5,1.83,1.63,1.27,1}), E89<>"", LOOKUP(_xlfn.XLOOKUP(D89, Move_List!$A:$A, Move_List!$D:$D), {0,60,80,90,100,110,120,150}, {2.5,2,2,1.94,1.8,1.68,1.58,1.33}), TRUE, 0 ) * IF(_xlfn.XLOOKUP(D89, Move_List!$A:$A, Move_List!$C:$C)="Physical", K89, I89), 0)} -> 0 | P89: =(J89 + L89 + M89) / 3 -> 71.666667 | Q89: =IF(O89>0, (N89+O89)/2, N89) * (P89 / 100) -> 4314.3333 | R89: {=IFERROR(Q89 / IF(OR(_xlfn.IFNA(_xlfn.XLOOKUP(E89, Move_List!$A:$A, Move_List!$C:$C), "")={"Dynamax","Mega"}), G89*1.2, G89), 0)} -> 46.894928
A90: 1-1-047 | B90: Leafeon | C90: =_xlfn.XLOOKUP(A90,Stars!A:A,Stars!C:C) -> 4-star | D90: Razor Leaf | F90: 0.95 | G90: 94 | H90: 77 | I90: 50 | J90: 54 | K90: 88 | L90: 103 | M90: 97 | N90: {=IFERROR(_xlfn.XLOOKUP(D90, Move_List!$A:$A, Move_List!$D:$D) * _xlfn.IFS(UPPER(TRIM(_xlfn.XLOOKUP(D90, Move_List!$A:$A, Move_List!$C:$C)))="PHYSICAL", K90, UPPER(TRIM(_xlfn.XLOOKUP(D90, Move_List!$A:$A, Move_List!$C:$C)))="SPECIAL", I90, TRUE, 0), 0)} -> 4840 | O90: {=IFERROR( _xlfn.XLOOKUP(D90, Move_List!$A:$A, Move_List!$D:$D) * _xlfn.IFS( ISNUMBER(SEARCH("Max", E90)), LOOKUP(_xlfn.XLOOKUP(D90, Move_List!$A:$A, Move_List!$D:$D), {0,60,80,110,150}, {2.5,1.83,1.63,1.27,1}), E90<>"", LOOKUP(_xlfn.XLOOKUP(D90, Move_List!$A:$A, Move_List!$D:$D), {0,60,80,90,100,110,120,150}, {2.5,2,2,1.94,1.8,1.68,1.58,1.33}), TRUE, 0 ) * IF(_xlfn.XLOOKUP(D90, Move_List!$A:$A, Move_List!$C:$C)="Physical", K90, I90), 0)} -> 0 | P90: =(J90 + L90 + M90) / 3 -> 84.666667 | Q90: =IF(O90>0, (N90+O90)/2, N90) * (P90 / 100) -> 4097.8667 | R90: {=IFERROR(Q90 / IF(OR(_xlfn.IFNA(_xlfn.XLOOKUP(E90, Move_List!$A:$A, Move_List!$C:$C), "")={"Dynamax","Mega"}), G90*1.2, G90), 0)} -> 43.594326
A91: 1-1-066 | B91: Eldegoss | C91: =_xlfn.XLOOKUP(A91,Stars!A:A,Stars!C:C) -> 4-star | D91: Leaf Tornado | F91: 0.9 | G91: 80 | H91: 48 | I91: 62 | J91: 92 | K91: 41 | L91: 69 | M91: 89 | N91: {=IFERROR(_xlfn.XLOOKUP(D91, Move_List!$A:$A, Move_List!$D:$D) * _xlfn.IFS(UPPER(TRIM(_xlfn.XLOOKUP(D91, Move_List!$A:$A, Move_List!$C:$C)))="PHYSICAL", K91, UPPER(TRIM(_xlfn.XLOOKUP(D91, Move_List!$A:$A, Move_List!$C:$C)))="SPECIAL", I91, TRUE, 0), 0)} -> 4030 | O91: {=IFERROR( _xlfn.XLOOKUP(D91, Move_List!$A:$A, Move_List!$D:$D) * _xlfn.IFS( ISNUMBER(SEARCH("Max", E91)), LOOKUP(_xlfn.XLOOKUP(D91, Move_List!$A:$A, Move_List!$D:$D), {0,60,80,110,150}, {2.5,1.83,1.63,1.27,1}), E91<>"", LOOKUP(_xlfn.XLOOKUP(D91, Move_List!$A:$A, Move_List!$D:$D), {0,60,80,90,100,110,120,150}, {2.5,2,2,1.94,1.8,1.68,1.58,1.33}), TRUE, 0 ) * IF(_xlfn.XLOOKUP(D91, Move_List!$A:$A, Move_List!$C:$C)="Physical", K91, I91), 0)} -> 0 | P91: =(J91 + L91 + M91) / 3 -> 83.333333 | Q91: =IF(O91>0, (N91+O91)/2, N91) * (P91 / 100) -> 3358.3333 | R91: {=IFERROR(Q91 / IF(OR(_xlfn.IFNA(_xlfn.XLOOKUP(E91, Move_List!$A:$A, Move_List!$C:$C), "")={"Dynamax","Mega"}), G91*1.2, G91), 0)} -> 41.979167
A92: 1-1-068 | B92: Cramorant | C92: =_xlfn.XLOOKUP(A92,Stars!A:A,Stars!C:C) -> 3-star | D92: Scald | F92: 1 | G92: 70 | H92: 56 | I92: 56 | J92: 62 | K92: 56 | L92: 38 | M92: 82 | N92: {=IFERROR(_xlfn.XLOOKUP(D92, Move_List!$A:$A, Move_List!$D:$D) * _xlfn.IFS(UPPER(TRIM(_xlfn.XLOOKUP(D92, Move_List!$A:$A, Move_List!$C:$C)))="PHYSICAL", K92, UPPER(TRIM(_xlfn.XLOOKUP(D92, Move_List!$A:$A, Move_List!$C:$C)))="SPECIAL", I92, TRUE, 0), 0)} -> 4480 | O92: {=IFERROR( _xlfn.XLOOKUP(D92, Move_List!$A:$A, Move_List!$D:$D) * _xlfn.IFS( ISNUMBER(SEARCH("Max", E92)), LOOKUP(_xlfn.XLOOKUP(D92, Move_List!$A:$A, Move_List!$D:$D), {0,60,80,110,150}, {2.5,1.83,1.63,1.27,1}), E92<>"", LOOKUP(_xlfn.XLOOKUP(D92, Move_List!$A:$A, Move_List!$D:$D), {0,60,80,90,100,110,120,150}, {2.5,2,2,1.94,1.8,1.68,1.58,1.33}), TRUE, 0 ) * IF(_xlfn.XLOOKUP(D92, Move_List!$A:$A, Move_List!$C:$C)="Physical", K92, I92), 0)} -> 0 | P92: =(J92 + L92 + M92) / 3 -> 60.666667 | Q92: =IF(O92>0, (N92+O92)/2, N92) * (P92 / 100) -> 2717.8667 | R92: {=IFERROR(Q92 / IF(OR(_xlfn.IFNA(_xlfn.XLOOKUP(E92, Move_List!$A:$A, Move_List!$C:$C), "")={"Dynamax","Mega"}), G92*1.2, G92), 0)} -> 38.826667
A93: 1-2-061 | B93: Kadabra | C93: =_xlfn.XLOOKUP(A93,Stars!A:A,Stars!C:C) -> 3-star | D93: Psybeam | F93: 1 | G93: 62 | H93: 70 | I93: 79 | J93: 48 | K93: 26 | L93: 22 | M93: 65 | N93: {=IFERROR(_xlfn.XLOOKUP(D93, Move_List!$A:$A, Move_List!$D:$D) * _xlfn.IFS(UPPER(TRIM(_xlfn.XLOOKUP(D93, Move_List!$A:$A, Move_List!$C:$C)))="PHYSICAL", K93, UPPER(TRIM(_xlfn.XLOOKUP(D93, Move_List!$A:$A, Move_List!$C:$C)))="SPECIAL", I93, TRUE, 0), 0)} -> 5135 | O93: {=IFERROR( _xlfn.XLOOKUP(D93, Move_List!$A:$A, Move_List!$D:$D) * _xlfn.IFS( ISNUMBER(SEARCH("Max", E93)), LOOKUP(_xlfn.XLOOKUP(D93, Move_List!$A:$A, Move_List!$D:$D), {0,60,80,110,150}, {2.5,1.83,1.63,1.27,1}), E93<>"", LOOKUP(_xlfn.XLOOKUP(D93, Move_List!$A:$A, Move_List!$D:$D), {0,60,80,90,100,110,120,150}, {2.5,2,2,1.94,1.8,1.68,1.58,1.33}), TRUE, 0 ) * IF(_xlfn.XLOOKUP(D93, Move_List!$A:$A, Move_List!$C:$C)="Physical", K93, I93), 0)} -> 0 | P93: =(J93 + L93 + M93) / 3 -> 45 | Q93: =IF(O93>0, (N93+O93)/2, N93) * (P93 / 100) -> 2310.75 | R93: {=IFERROR(Q93 / IF(OR(_xlfn.IFNA(_xlfn.XLOOKUP(E93, Move_List!$A:$A, Move_List!$C:$C), "")={"Dynamax","Mega"}), G93*1.2, G93), 0)} -> 37.270161
A94: 1-1-061 | B94: Charjabug | C94: =_xlfn.XLOOKUP(A94,Stars!A:A,Stars!C:C) -> 3-star | D94: Spark | F94: 1 | G94: 62 | H94: 26 | I94: 39 | J94: 51 | K94: 55 | L94: 63 | M94: 76 | N94: {=IFERROR(_xlfn.XLOOKUP(D94, Move_List!$A:$A, Move_List!$D:$D) * _xlfn.IFS(UPPER(TRIM(_xlfn.XLOOKUP(D94, Move_List!$A:$A, Move_List!$C:$C)))="PHYSICAL", K94, UPPER(TRIM(_xlfn.XLOOKUP(D94, Move_List!$A:$A, Move_List!$C:$C)))="SPECIAL", I94, TRUE, 0), 0)} -> 3575 | O94: {=IFERROR( _xlfn.XLOOKUP(D94, Move_List!$A:$A, Move_List!$D:$D) * _xlfn.IFS( ISNUMBER(SEARCH("Max", E94)), LOOKUP(_xlfn.XLOOKUP(D94, Move_List!$A:$A, Move_List!$D:$D), {0,60,80,110,150}, {2.5,1.83,1.63,1.27,1}), E94<>"", LOOKUP(_xlfn.XLOOKUP(D94, Move_List!$A:$A, Move_List!$D:$D), {0,60,80,90,100,110,120,150}, {2.5,2,2,1.94,1.8,1.68,1.58,1.33}), TRUE, 0 ) * IF(_xlfn.XLOOKUP(D94, Move_List!$A:$A, Move_List!$C:$C)="Physical", K94, I94), 0)} -> 0 | P94: =(J94 + L94 + M94) / 3 -> 63.333333 | Q94: =IF(O94>0, (N94+O94)/2, N94) * (P94 / 100) -> 2264.1667 | R94: {=IFERROR(Q94 / IF(OR(_xlfn.IFNA(_xlfn.XLOOKUP(E94, Move_List!$A:$A, Move_List!$C:$C), "")={"Dynamax","Mega"}), G94*1.2, G94), 0)} -> 36.518817
A95: 1-2-039 | B95: Prinplup | C95: =_xlfn.XLOOKUP(A95,Stars!A:A,Stars!C:C) -> 3-star | D95: Bubble Beam | F95: 1 | G95: 64 | H95: 36 | I95: 55 | J95: 52 | K95: 45 | L95: 47 | M95: 80 | N95: {=IFERROR(_xlfn.XLOOKUP(D95, Move_List!$A:$A, Move_List!$D:$D) * _xlfn.IFS(UPPER(TRIM(_xlfn.XLOOKUP(D95, Move_List!$A:$A, Move_List!$C:$C)))="PHYSICAL", K95, UPPER(TRIM(_xlfn.XLOOKUP(D95, Move_List!$A:$A, Move_List!$C:$C)))="SPECIAL", I95, TRUE, 0), 0)} -> 3575 | O95: {=IFERROR( _xlfn.XLOOKUP(D95, Move_List!$A:$A, Move_List!$D:$D) * _xlfn.IFS( ISNUMBER(SEARCH("Max", E95)), LOOKUP(_xlfn.XLOOKUP(D95, Move_List!$A:$A, Move_List!$D:$D), {0,60,80,110,150}, {2.5,1.83,1.63,1.27,1}), E95<>"", LOOKUP(_xlfn.XLOOKUP(D95, Move_List!$A:$A, Move_List!$D:$D), {0,60,80,90,100,110,120,150}, {2.5,2,2,1.94,1.8,1.68,1.58,1.33}), TRUE, 0 ) * IF(_xlfn.XLOOKUP(D95, Move_List!$A:$A, Move_List!$C:$C)="Physical", K95, I95), 0)} -> 0 | P95: =(J95 + L95 + M95) / 3 -> 59.666667 | Q95: =IF(O95>0, (N95+O95)/2, N95) * (P95 / 100) -> 2133.0833 | R95: {=IFERROR(Q95 / IF(OR(_xlfn.IFNA(_xlfn.XLOOKUP(E95, Move_List!$A:$A, Move_List!$C:$C), "")={"Dynamax","Mega"}), G95*1.2, G95), 0)} -> 33.329427
A96: 1-2-046 | B96: Boltund | C96: =_xlfn.XLOOKUP(A96,Stars!A:A,Stars!C:C) -> 4-star | D96: Spark | F96: 1 | G96: 84 | H96: 93 | I96: 69 | J96: 48 | K96: 67 | L96: 48 | M96: 92 | N96: {=IFERROR(_xlfn.XLOOKUP(D96, Move_List!$A:$A, Move_List!$D:$D) * _xlfn.IFS(UPPER(TRIM(_xlfn.XLOOKUP(D96, Move_List!$A:$A, Move_List!$C:$C)))="PHYSICAL", K96, UPPER(TRIM(_xlfn.XLOOKUP(D96, Move_List!$A:$A, Move_List!$C:$C)))="SPECIAL", I96, TRUE, 0), 0)} -> 4355 | O96: {=IFERROR( _xlfn.XLOOKUP(D96, Move_List!$A:$A, Move_List!$D:$D) * _xlfn.IFS( ISNUMBER(SEARCH("Max", E96)), LOOKUP(_xlfn.XLOOKUP(D96, Move_List!$A:$A, Move_List!$D:$D), {0,60,80,110,150}, {2.5,1.83,1.63,1.27,1}), E96<>"", LOOKUP(_xlfn.XLOOKUP(D96, Move_List!$A:$A, Move_List!$D:$D), {0,60,80,90,100,110,120,150}, {2.5,2,2,1.94,1.8,1.68,1.58,1.33}), TRUE, 0 ) * IF(_xlfn.XLOOKUP(D96, Move_List!$A:$A, Move_List!$C:$C)="Physical", K96, I96), 0)} -> 0 | P96: =(J96 + L96 + M96) / 3 -> 62.666667 | Q96: =IF(O96>0, (N96+O96)/2, N96) * (P96 / 100) -> 2729.1333 | R96: {=IFERROR(Q96 / IF(OR(_xlfn.IFNA(_xlfn.XLOOKUP(E96, Move_List!$A:$A, Move_List!$C:$C), "")={"Dynamax","Mega"}), G96*1.2, G96), 0)} -> 32.489683
... A144: 1-1-051 | B144: Golett | C144: =_xlfn.XLOOKUP(A144,Stars!A:A,Stars!C:C) -> 2-star | D144: Mud Slap | F144: 1 | G144: 42 | H144: 22 | I144: 22 | J144: 30 | K144: 42 | L144: 30 | M144: 64 | N144: {=IFERROR(_xlfn.XLOOKUP(D144, Move_List!$A:$A, Move_List!$D:$D) * _xlfn.IFS(UPPER(TRIM(_xlfn.XLOOKUP(D144, Move_List!$A:$A, Move_List!$C:$C)))="PHYSICAL", K144, UPPER(TRIM(_xlfn.XLOOKUP(D144, Move_List!$A:$A, Move_List!$C:$C)))="SPECIAL", I144, TRUE, 0), 0)} -> 440 | O144: {=IFERROR( _xlfn.XLOOKUP(D144, Move_List!$A:$A, Move_List!$D:$D) * _xlfn.IFS( ISNUMBER(SEARCH("Max", E144)), LOOKUP(_xlfn.XLOOKUP(D144, Move_List!$A:$A, Move_List!$D:$D), {0,60,80,110,150}, {2.5,1.83,1.63,1.27,1}), E144<>"", LOOKUP(_xlfn.XLOOKUP(D144, Move_List!$A:$A, Move_List!$D:$D), {0,60,80,90,100,110,120,150}, {2.5,2,2,1.94,1.8,1.68,1.58,1.33}), TRUE, 0 ) * IF(_xlfn.XLOOKUP(D144, Move_List!$A:$A, Move_List!$C:$C)="Physical", K144, I144), 0)} -> 0 | P144: =(J144 + L144 + M144) / 3 -> 41.333333 | Q144: =IF(O144>0, (N144+O144)/2, N144) * (P144 / 100) -> 181.86667 | R144: {=IFERROR(Q144 / IF(OR(_xlfn.IFNA(_xlfn.XLOOKUP(E144, Move_List!$A:$A, Move_List!$C:$C), "")={"Dynamax","Mega"}), G144*1.2, G144), 0)} -> 4.3301587

Sheet StardustV1 (Sub100)
A1: Number | B1: Pokemon | C1: Move Type | D1: PE | E1: Spd | F1: Move Power | G1: Damage type | H1: Attack Stat | I1: Accuracy | J1: Resistances | K1: Damage | L1: PE Efficiency | M1: Strong Against | N1: 6★Preys | O1: 5★ Preys | P1: Notes
A2: 62 | B2: Vikavolt | C2: Bug | D2: 88 | E2: 35 | F2: 90 | G2: Special | H2: 113 | I2: 1 | J2: Fighting, Steel, Electric, Grass | K2: =F2*H2 -> 10170 | L2: =K2/D2 -> 115.56818 | M2: #REF! | N2: =IFERROR(__xludf.DUMMYFUNCTION("TEXTJOIN("", "", TRUE, FILTER(PokemonList!$C:$C, (PokemonList!$B:$B=""6★"") * (BYROW(PokemonList!$D:$D, LAMBDA(row, OR(INDEX(ISNUMBER(SEARCH(SPLIT(row, ""/""), M2)))))))))"),"#N/A") -> #N/A | O2: =IFERROR(__xludf.DUMMYFUNCTION("TEXTJOIN("", "", TRUE, FILTER(PokemonList!$C:$C, (PokemonList!$B:$B=""5★"") * (BYROW(PokemonList!$D:$D, LAMBDA(row, OR(INDEX(ISNUMBER(SEARCH(SPLIT(row, ""/""), M2)))))))))"),"#N/A") -> #N/A | P2: Highest Damage
A3: 45 | B3: Jolteon | C3: Electric | D3: 90 | E3: 99 | F3: 110 | G3: Special | H3: 84 | I3: 0.7 | J3: Flying, Steel, Electric | K3: =F3*H3 -> 9240 | L3: =K3/D3 -> 102.66667 | M3: #REF! | N3: =IFERROR(__xludf.DUMMYFUNCTION("TEXTJOIN("", "", TRUE, FILTER(PokemonList!$C:$C, (PokemonList!$B:$B=""6★"") * (BYROW(PokemonList!$D:$D, LAMBDA(row, OR(INDEX(ISNUMBER(SEARCH(SPLIT(row, ""/""), M3)))))))))"),"#N/A") -> #N/A | O3: =IFERROR(__xludf.DUMMYFUNCTION("TEXTJOIN("", "", TRUE, FILTER(PokemonList!$C:$C, (PokemonList!$B:$B=""5★"") * (BYROW(PokemonList!$D:$D, LAMBDA(row, OR(INDEX(ISNUMBER(SEARCH(SPLIT(row, ""/""), M3)))))))))"),"#N/A") -> #N/A
A4: 43 | B4: Raichu | C4: Electric | D4: 84 | E4: 84 | F4: 110 | G4: Special | H4: 69 | I4: 0.7 | J4: Flying, Steel, Electric | K4: =F4*H4 -> 7590 | L4: =K4/D4 -> 90.357143 | M4: #REF! | N4: =IFERROR(__xludf.DUMMYFUNCTION("TEXTJOIN("", "", TRUE, FILTER(PokemonList!$C:$C, (PokemonList!$B:$B=""6★"") * (BYROW(PokemonList!$D:$D, LAMBDA(row, OR(INDEX(ISNUMBER(SEARCH(SPLIT(row, ""/""), M4)))))))))"),"#N/A") -> #N/A | O4: =IFERROR(__xludf.DUMMYFUNCTION("TEXTJOIN("", "", TRUE, FILTER(PokemonList!$C:$C, (PokemonList!$B:$B=""5★"") * (BYROW(PokemonList!$D:$D, LAMBDA(row, OR(INDEX(ISNUMBER(SEARCH(SPLIT(row, ""/""), M4)))))))))"),"#N/A") -> #N/A
A5: 56 | B5: Mudsdale | C5: Ground | D5: 90 | E5: 31 | F5: 75 | G5: Physical | H5: 100 | I5: 1 | J5: Poison, Rock, Electric | K5: =F5*H5 -> 7500 | L5: =K5/D5 -> 83.333333 | M5: #REF! | N5: =IFERROR(__xludf.DUMMYFUNCTION("TEXTJOIN("", "", TRUE, FILTER(PokemonList!$C:$C, (PokemonList!$B:$B=""6★"") * (BYROW(PokemonList!$D:$D, LAMBDA(row, OR(INDEX(ISNUMBER(SEARCH(SPLIT(row, ""/""), M5)))))))))"),"#N/A") -> #N/A | O5: =IFERROR(__xludf.DUMMYFUNCTION("TEXTJOIN("", "", TRUE, FILTER(PokemonList!$C:$C, (PokemonList!$B:$B=""5★"") * (BYROW(PokemonList!$D:$D, LAMBDA(row, OR(INDEX(ISNUMBER(SEARCH(SPLIT(row, ""/""), M5)))))))))"),"#N/A") -> #N/A
A6: 37 | B6: Cinderace | C6: Fire | D6: 90 | E6: 90 | F6: 85 | G6: Physical | H6: 88 | I6: 0.9 | J6: Bug, Steel, Fire, Grass, Ice, Fairy | K6: =F6*H6 -> 7480 | L6: =K6/D6 -> 83.111111 | M6: #REF! | N6: =IFERROR(__xludf.DUMMYFUNCTION("TEXTJOIN("", "", TRUE, FILTER(PokemonList!$C:$C, (PokemonList!$B:$B=""6★"") * (BYROW(PokemonList!$D:$D, LAMBDA(row, OR(INDEX(ISNUMBER(SEARCH(SPLIT(row, ""/""), M6)))))))))"),"#N/A") -> #N/A | O6: =IFERROR(__xludf.DUMMYFUNCTION("TEXTJOIN("", "", TRUE, FILTER(PokemonList!$C:$C, (PokemonList!$B:$B=""5★"") * (BYROW(PokemonList!$D:$D, LAMBDA(row, OR(INDEX(ISNUMBER(SEARCH(SPLIT(row, ""/""), M6)))))))))"),"#N/A") -> #N/A
A7: 34 | B7: Rillaboom | C7: Grass | D7: 90 | E7: 66 | F7: 77.5 | G7: Physical | H7: 95 | I7: 1 | J7: Ground, Water, Electric, Grass | K7: =F7*H7 -> 7362.5 | L7: =K7/D7 -> 81.805556 | M7: #REF! | N7: =IFERROR(__xludf.DUMMYFUNCTION("TEXTJOIN("", "", TRUE, FILTER(PokemonList!$C:$C, (PokemonList!$B:$B=""6★"") * (BYROW(PokemonList!$D:$D, LAMBDA(row, OR(INDEX(ISNUMBER(SEARCH(SPLIT(row, ""/""), M7)))))))))"),"#N/A") -> #N/A | O7: =IFERROR(__xludf.DUMMYFUNCTION("TEXTJOIN("", "", TRUE, FILTER(PokemonList!$C:$C, (PokemonList!$B:$B=""5★"") * (BYROW(PokemonList!$D:$D, LAMBDA(row, OR(INDEX(ISNUMBER(SEARCH(SPLIT(row, ""/""), M7)))))))))"),"#N/A") -> #N/A
A8: 70 | B8: Frosmoth | C8: Ice | D8: 86 | E8: 54 | F8: 65 | G8: Special | H8: 100 | I8: 1 | J8: Ground, Grass, Ice | K8: =F8*H8 -> 6500 | L8: =K8/D8 -> 75.581395 | M8: #REF! | N8: =IFERROR(__xludf.DUMMYFUNCTION("TEXTJOIN("", "", TRUE, FILTER(PokemonList!$C:$C, (PokemonList!$B:$B=""6★"") * (BYROW(PokemonList!$D:$D, LAMBDA(row, OR(INDEX(ISNUMBER(SEARCH(SPLIT(row, ""/""), M8)))))))))"),"#N/A") -> #N/A | O8: =IFERROR(__xludf.DUMMYFUNCTION("TEXTJOIN("", "", TRUE, FILTER(PokemonList!$C:$C, (PokemonList!$B:$B=""5★"") * (BYROW(PokemonList!$D:$D, LAMBDA(row, OR(INDEX(ISNUMBER(SEARCH(SPLIT(row, ""/""), M8)))))))))"),"#N/A") -> #N/A
A9: 48 | B9: Sylveon | C9: Fairy | D9: 96 | E9: 51 | F9: 80 | G9: Special | H9: 90 | I9: 1 | J9: Fighting, Bug, Dark | K9: =F9*H9 -> 7200 | L9: =K9/D9 -> 75 | M9: #REF! | N9: =IFERROR(__xludf.DUMMYFUNCTION("TEXTJOIN("", "", TRUE, FILTER(PokemonList!$C:$C, (PokemonList!$B:$B=""6★"") * (BYROW(PokemonList!$D:$D, LAMBDA(row, OR(INDEX(ISNUMBER(SEARCH(SPLIT(row, ""/""), M9)))))))))"),"#N/A") -> #N/A | O9: =IFERROR(__xludf.DUMMYFUNCTION("TEXTJOIN("", "", TRUE, FILTER(PokemonList!$C:$C, (PokemonList!$B:$B=""5★"") * (BYROW(PokemonList!$D:$D, LAMBDA(row, OR(INDEX(ISNUMBER(SEARCH(SPLIT(row, ""/""), M9)))))))))"),"#N/A") -> #N/A
A10: 50 | B10: Weavile | C10: Dark | D10: 90 | E10: 97 | F10: 70 | G10: Physical | H10: 93 | I10: 1 | J10: Ghost, Ice, Dark | K10: =F10*H10 -> 6510 | L10: =K10/D10 -> 72.333333 | M10: #REF! | N10: =IFERROR(__xludf.DUMMYFUNCTION("TEXTJOIN("", "", TRUE, FILTER(PokemonList!$C:$C, (PokemonList!$B:$B=""6★"") * (BYROW(PokemonList!$D:$D, LAMBDA(row, OR(INDEX(ISNUMBER(SEARCH(SPLIT(row, ""/""), M10)))))))))"),"#N/A") -> #N/A | O10: =IFERROR(__xludf.DUMMYFUNCTION("TEXTJOIN("", "", TRUE, FILTER(PokemonList!$C:$C, (PokemonList!$B:$B=""5★"") * (BYROW(PokemonList!$D:$D, LAMBDA(row, OR(INDEX(ISNUMBER(SEARCH(SPLIT(row, ""/""), M10)))))))))"),"#N/A") -> #N/A | P10: High Crit Chance
A11: 46 | B11: Espeon | C11: Psychic | D11: 92 | E11: 86 | F11: 65 | G11: Special | H11: 101 | I11: 1 | J11: Fighting, Psychic | K11: =F11*H11 -> 6565 | L11: =K11/D11 -> 71.358696 | M11: #REF! | N11: =IFERROR(__xludf.DUMMYFUNCTION("TEXTJOIN("", "", TRUE, FILTER(PokemonList!$C:$C, (PokemonList!$B:$B=""6★"") * (BYROW(PokemonList!$D:$D, LAMBDA(row, OR(INDEX(ISNUMBER(SEARCH(SPLIT(row, ""/""), M11)))))))))"),"#N/A") -> #N/A | O11: =IFERROR(__xludf.DUMMYFUNCTION("TEXTJOIN("", "", TRUE, FILTER(PokemonList!$C:$C, (PokemonList!$B:$B=""5★"") * (BYROW(PokemonList!$D:$D, LAMBDA(row, OR(INDEX(ISNUMBER(SEARCH(SPLIT(row, ""/""), M11)))))))))"),"#N/A") -> #N/A
A12: 61 | B12: Charjabug | C12: Bug | D12: 62 | E12: 26 | F12: 80 | G12: Physical | H12: 55 | I12: 1 | J12: Fighting, Steel, Electric, Grass | K12: =F12*H12 -> 4400 | L12: =K12/D12 -> 70.967742 | M12: #REF! | N12: =IFERROR(__xludf.DUMMYFUNCTION("TEXTJOIN("", "", TRUE, FILTER(PokemonList!$C:$C, (PokemonList!$B:$B=""6★"") * (BYROW(PokemonList!$D:$D, LAMBDA(row, OR(INDEX(ISNUMBER(SEARCH(SPLIT(row, ""/""), M12)))))))))"),"#N/A") -> #N/A | O12: =IFERROR(__xludf.DUMMYFUNCTION("TEXTJOIN("", "", TRUE, FILTER(PokemonList!$C:$C, (PokemonList!$B:$B=""5★"") * (BYROW(PokemonList!$D:$D, LAMBDA(row, OR(INDEX(ISNUMBER(SEARCH(SPLIT(row, ""/""), M12)))))))))"),"#N/A") -> #N/A
A13: 52 | B13: Golurk | C13: Ghost | D13: 72 | E13: 39 | F13: 60 | G13: Physical | H13: 81 | I13: 1 | J13: Normal, Fighting, Poison, Bug, Rock, Electric | K13: =F13*H13 -> 4860 | L13: =K13/D13 -> 67.5 | M13: #REF! | N13: =IFERROR(__xludf.DUMMYFUNCTION("TEXTJOIN("", "", TRUE, FILTER(PokemonList!$C:$C, (PokemonList!$B:$B=""6★"") * (BYROW(PokemonList!$D:$D, LAMBDA(row, OR(INDEX(ISNUMBER(SEARCH(SPLIT(row, ""/""), M13)))))))))"),"#N/A") -> #N/A | O13: =IFERROR(__xludf.DUMMYFUNCTION("TEXTJOIN("", "", TRUE, FILTER(PokemonList!$C:$C, (PokemonList!$B:$B=""5★"") * (BYROW(PokemonList!$D:$D, LAMBDA(row, OR(INDEX(ISNUMBER(SEARCH(SPLIT(row, ""/""), M13)))))))))"),"#N/A") -> #N/A | P13: Highest "Cannot Miss" Damage
A14: 55 | B14: Mudbray | C14: Ground | D14: 62 | E14: 33 | F14: 60 | G14: Physical | H14: 69 | I14: 1 | J14: Poison, Rock, Electric | K14: =F14*H14 -> 4140 | L14: =K14/D14 -> 66.774194 | M14: #REF! | N14: =IFERROR(__xludf.DUMMYFUNCTION("TEXTJOIN("", "", TRUE, FILTER(PokemonList!$C:$C, (PokemonList!$B:$B=""6★"") * (BYROW(PokemonList!$D:$D, LAMBDA(row, OR(INDEX(ISNUMBER(SEARCH(SPLIT(row, ""/""), M14)))))))))"),"#N/A") -> #N/A | O14: =IFERROR(__xludf.DUMMYFUNCTION("TEXTJOIN("", "", TRUE, FILTER(PokemonList!$C:$C, (PokemonList!$B:$B=""5★"") * (BYROW(PokemonList!$D:$D, LAMBDA(row, OR(INDEX(ISNUMBER(SEARCH(SPLIT(row, ""/""), M14)))))))))"),"#N/A") -> #N/A
A15: 68 | B15: Cramorant | C15: Water | D15: 70 | E15: 56 | F15: 80 | G15: Special | H15: 56 | I15: 1 | J15: Fighting, Ground, Bug, Steel, Fire, Water | K15: =F15*H15 -> 4480 | L15: =K15/D15 -> 64 | M15: #REF! | N15: =IFERROR(__xludf.DUMMYFUNCTION("TEXTJOIN("", "", TRUE, FILTER(PokemonList!$C:$C, (PokemonList!$B:$B=""6★"") * (BYROW(PokemonList!$D:$D, LAMBDA(row, OR(INDEX(ISNUMBER(SEARCH(SPLIT(row, ""/""), M15)))))))))"),"#N/A") -> #N/A | O15: =IFERROR(__xludf.DUMMYFUNCTION("TEXTJOIN("", "", TRUE, FILTER(PokemonList!$C:$C, (PokemonList!$B:$B=""5★"") * (BYROW(PokemonList!$D:$D, LAMBDA(row, OR(INDEX(ISNUMBER(SEARCH(SPLIT(row, ""/""), M15)))))))))"),"#N/A") -> #N/A
A16: 19 | B16: Pikachu(5☆) | C16: Electric | D16: 96 | E16: 114 | F16: 90 | G16: Special | H16: 66 | I16: 1 | J16: Flying, Steel, Electric | K16: =F16*H16 -> 5940 | L16: =K16/D16 -> 61.875 | M16: #REF! | N16: =IFERROR(__xludf.DUMMYFUNCTION("TEXTJOIN("", "", TRUE, FILTER(PokemonList!$C:$C, (PokemonList!$B:$B=""6★"") * (BYROW(PokemonList!$D:$D, LAMBDA(row, OR(INDEX(ISNUMBER(SEARCH(SPLIT(row, ""/""), M16)))))))))"),"#N/A") -> #N/A | O16: =IFERROR(__xludf.DUMMYFUNCTION("TEXTJOIN("", "", TRUE, FILTER(PokemonList!$C:$C, (PokemonList!$B:$B=""5★"") * (BYROW(PokemonList!$D:$D, LAMBDA(row, OR(INDEX(ISNUMBER(SEARCH(SPLIT(row, ""/""), M16)))))))))"),"#N/A") -> #N/A
A17: 64 | B17: Dodrio | C17: Flying | D17: 82 | E17: 84 | F17: 60 | G17: Physical | H17: 84 | I17: 1 | J17: Ground, Bug, Ghost, Grass | K17: =F17*H17 -> 5040 | L17: =K17/D17 -> 61.463415 | M17: #REF! | N17: =IFERROR(__xludf.DUMMYFUNCTION("TEXTJOIN("", "", TRUE, FILTER(PokemonList!$C:$C, (PokemonList!$B:$B=""6★"") * (BYROW(PokemonList!$D:$D, LAMBDA(row, OR(INDEX(ISNUMBER(SEARCH(SPLIT(row, ""/""), M17)))))))))"),"#N/A") -> #N/A | O17: =IFERROR(__xludf.DUMMYFUNCTION("TEXTJOIN("", "", TRUE, FILTER(PokemonList!$C:$C, (PokemonList!$B:$B=""5★"") * (BYROW(PokemonList!$D:$D, LAMBDA(row, OR(INDEX(ISNUMBER(SEARCH(SPLIT(row, ""/""), M17)))))))))"),"#N/A") -> #N/A
A18: 40 | B18: Inteleon | C18: Water | D18: 90 | E18: 91 | F18: 80 | G18: Physical | H18: 66 | I18: 1 | J18: Steel, Fire, Water, Ice | K18: =F18*H18 -> 5280 | L18: =K18/D18 -> 58.666667 | M18: #REF! | N18: =IFERROR(__xludf.DUMMYFUNCTION("TEXTJOIN("", "", TRUE, FILTER(PokemonList!$C:$C, (PokemonList!$B:$B=""6★"") * (BYROW(PokemonList!$D:$D, LAMBDA(row, OR(INDEX(ISNUMBER(SEARCH(SPLIT(row, ""/""), M18)))))))))"),"#N/A") -> #N/A | O18: =IFERROR(__xludf.DUMMYFUNCTION("TEXTJOIN("", "", TRUE, FILTER(PokemonList!$C:$C, (PokemonList!$B:$B=""5★"") * (BYROW(PokemonList!$D:$D, LAMBDA(row, OR(INDEX(ISNUMBER(SEARCH(SPLIT(row, ""/""), M18)))))))))"),"#N/A") -> #N/A
A19: 39 | B19: Drizzile | C19: Water | D19: 64 | E19: 59 | F19: 60 | G19: Special | H19: 62 | I19: 1 | J19: Steel, Fire, Water, Ice | K19: =F19*H19 -> 3720 | L19: =K19/D19 -> 58.125 | M19: #REF! | N19: =IFERROR(__xludf.DUMMYFUNCTION("TEXTJOIN("", "", TRUE, FILTER(PokemonList!$C:$C, (PokemonList!$B:$B=""6★"") * (BYROW(PokemonList!$D:$D, LAMBDA(row, OR(INDEX(ISNUMBER(SEARCH(SPLIT(row, ""/""), M19)))))))))"),"#N/A") -> #N/A | O19: =IFERROR(__xludf.DUMMYFUNCTION("TEXTJOIN("", "", TRUE, FILTER(PokemonList!$C:$C, (PokemonList!$B:$B=""5★"") * (BYROW(PokemonList!$D:$D, LAMBDA(row, OR(INDEX(ISNUMBER(SEARCH(SPLIT(row, ""/""), M19)))))))))"),"#N/A") -> #N/A
A20: 29 | B20: Vikavolt | C20: Fire | D20: 84 | E20: 46 | F20: 60 | G20: Special | H20: 80 | I20: 1 | J20: Bug, Steel, Fire, Grass, Ice, Fairy | K20: =F20*H20 -> 4800 | L20: =K20/D20 -> 57.142857 | M20: #REF! | N20: =IFERROR(__xludf.DUMMYFUNCTION("TEXTJOIN("", "", TRUE, FILTER(PokemonList!$C:$C, (PokemonList!$B:$B=""6★"") * (BYROW(PokemonList!$D:$D, LAMBDA(row, OR(INDEX(ISNUMBER(SEARCH(SPLIT(row, ""/""), M20)))))))))"),"#N/A") -> #N/A | O20: =IFERROR(__xludf.DUMMYFUNCTION("TEXTJOIN("", "", TRUE, FILTER(PokemonList!$C:$C, (PokemonList!$B:$B=""5★"") * (BYROW(PokemonList!$D:$D, LAMBDA(row, OR(INDEX(ISNUMBER(SEARCH(SPLIT(row, ""/""), M20)))))))))"),"#N/A") -> #N/A
A21: 54 | B21: Slowbro | C21: Water | D21: 84 | E21: 24 | F21: 60 | G21: Special | H21: 77 | I21: 1 | J21: Fighting, Steel, Fire, Water, Ice, Psychic | K21: =F21*H21 -> 4620 | L21: =K21/D21 -> 55 | M21: #REF! | N21: =IFERROR(__xludf.DUMMYFUNCTION("TEXTJOIN("", "", TRUE, FILTER(PokemonList!$C:$C, (PokemonList!$B:$B=""6★"") * (BYROW(PokemonList!$D:$D, LAMBDA(row, OR(INDEX(ISNUMBER(SEARCH(SPLIT(row, ""/""), M21)))))))))"),"#N/A") -> #N/A | O21: =IFERROR(__xludf.DUMMYFUNCTION("TEXTJOIN("", "", TRUE, FILTER(PokemonList!$C:$C, (PokemonList!$B:$B=""5★"") * (BYROW(PokemonList!$D:$D, LAMBDA(row, OR(INDEX(ISNUMBER(SEARCH(SPLIT(row, ""/""), M21)))))))))"),"#N/A") -> #N/A
A22: 47 | B22: Leafeon | C22: Grass | D22: 94 | E22: 77 | F22: 55 | G22: Physical | H22: 88 | I22: 0.95 | J22: Ground, Water, Electric, Grass | K22: =F22*H22 -> 4840 | L22: =K22/D22 -> 51.489362 | M22: #REF! | N22: =IFERROR(__xludf.DUMMYFUNCTION("TEXTJOIN("", "", TRUE, FILTER(PokemonList!$C:$C, (PokemonList!$B:$B=""6★"") * (BYROW(PokemonList!$D:$D, LAMBDA(row, OR(INDEX(ISNUMBER(SEARCH(SPLIT(row, ""/""), M22)))))))))"),"#N/A") -> #N/A | O22: =IFERROR(__xludf.DUMMYFUNCTION("TEXTJOIN("", "", TRUE, FILTER(PokemonList!$C:$C, (PokemonList!$B:$B=""5★"") * (BYROW(PokemonList!$D:$D, LAMBDA(row, OR(INDEX(ISNUMBER(SEARCH(SPLIT(row, ""/""), M22)))))))))"),"#N/A") -> #N/A
A23: 60 | B23: Grubbin | C23: Bug | D23: 42 | E23: 28 | F23: 60 | G23: Physical | H23: 36 | I23: 1 | J23: Fighting, Ground, Grass | K23: =F23*H23 -> 2160 | L23: =K23/D23 -> 51.428571 | M23: #REF! | N23: =IFERROR(__xludf.DUMMYFUNCTION("TEXTJOIN("", "", TRUE, FILTER(PokemonList!$C:$C, (PokemonList!$B:$B=""6★"") * (BYROW(PokemonList!$D:$D, LAMBDA(row, OR(INDEX(ISNUMBER(SEARCH(SPLIT(row, ""/""), M23)))))))))"),"#N/A") -> #N/A | O23: =IFERROR(__xludf.DUMMYFUNCTION("TEXTJOIN("", "", TRUE, FILTER(PokemonList!$C:$C, (PokemonList!$B:$B=""5★"") * (BYROW(PokemonList!$D:$D, LAMBDA(row, OR(INDEX(ISNUMBER(SEARCH(SPLIT(row, ""/""), M23)))))))))"),"#N/A") -> #N/A
A24: 66 | B24: Eldegoss | C24: Grass | D24: 80 | E24: 48 | F24: 65 | G24: Special | H24: 62 | I24: 0.9 | J24: Ground, Water, Electric, Grass | K24: =F24*H24 -> 4030 | L24: =K24/D24 -> 50.375 | M24: #REF! | N24: =IFERROR(__xludf.DUMMYFUNCTION("TEXTJOIN("", "", TRUE, FILTER(PokemonList!$C:$C, (PokemonList!$B:$B=""6★"") * (BYROW(PokemonList!$D:$D, LAMBDA(row, OR(INDEX(ISNUMBER(SEARCH(SPLIT(row, ""/""), M24)))))))))"),"#N/A") -> #N/A | O24: =IFERROR(__xludf.DUMMYFUNCTION("TEXTJOIN("", "", TRUE, FILTER(PokemonList!$C:$C, (PokemonList!$B:$B=""5★"") * (BYROW(PokemonList!$D:$D, LAMBDA(row, OR(INDEX(ISNUMBER(SEARCH(SPLIT(row, ""/""), M24)))))))))"),"#N/A") -> #N/A
A25: 67 | B25: Turtonator | C25: Fire | D25: 84 | E25: 30 | F25: 60 | G25: Special | H25: 70 | I25: 1 | J25: Bug, Steel, Fire, Electric, Grass | K25: =F25*H25 -> 4200 | L25: =K25/D25 -> 50 | M25: #REF! | N25: =IFERROR(__xludf.DUMMYFUNCTION("TEXTJOIN("", "", TRUE, FILTER(PokemonList!$C:$C, (PokemonList!$B:$B=""6★"") * (BYROW(PokemonList!$D:$D, LAMBDA(row, OR(INDEX(ISNUMBER(SEARCH(SPLIT(row, ""/""), M25)))))))))"),"#N/A") -> #N/A | O25: =IFERROR(__xludf.DUMMYFUNCTION("TEXTJOIN("", "", TRUE, FILTER(PokemonList!$C:$C, (PokemonList!$B:$B=""5★"") * (BYROW(PokemonList!$D:$D, LAMBDA(row, OR(INDEX(ISNUMBER(SEARCH(SPLIT(row, ""/""), M25)))))))))"),"#N/A") -> #N/A
A26: 33 | B26: Thwackey | C26: Grass | D26: 64 | E26: 53 | F26: 55 | G26: Physical | H26: 56 | I26: 0.95 | J26: Ground, Water, Electric, Grass | K26: =F26*H26 -> 3080 | L26: =K26/D26 -> 48.125 | M26: #REF! | N26: =IFERROR(__xludf.DUMMYFUNCTION("TEXTJOIN("", "", TRUE, FILTER(PokemonList!$C:$C, (PokemonList!$B:$B=""6★"") * (BYROW(PokemonList!$D:$D, LAMBDA(row, OR(INDEX(ISNUMBER(SEARCH(SPLIT(row, ""/""), M26)))))))))"),"#N/A") -> #N/A | O26: =IFERROR(__xludf.DUMMYFUNCTION("TEXTJOIN("", "", TRUE, FILTER(PokemonList!$C:$C, (PokemonList!$B:$B=""5★"") * (BYROW(PokemonList!$D:$D, LAMBDA(row, OR(INDEX(ISNUMBER(SEARCH(SPLIT(row, ""/""), M26)))))))))"),"#N/A") -> #N/A
A27: 49 | B27: Sneasel | C27: Dark | D27: 66 | E27: 76 | F27: 50 | G27: Physical | H27: 63 | I27: 1 | J27: Ghost, Ice, Dark | K27: =F27*H27 -> 3150 | L27: =K27/D27 -> 47.727273 | M27: #REF! | N27: =IFERROR(__xludf.DUMMYFUNCTION("TEXTJOIN("", "", TRUE, FILTER(PokemonList!$C:$C, (PokemonList!$B:$B=""6★"") * (BYROW(PokemonList!$D:$D, LAMBDA(row, OR(INDEX(ISNUMBER(SEARCH(SPLIT(row, ""/""), M27)))))))))"),"#N/A") -> #N/A | O27: =IFERROR(__xludf.DUMMYFUNCTION("TEXTJOIN("", "", TRUE, FILTER(PokemonList!$C:$C, (PokemonList!$B:$B=""5★"") * (BYROW(PokemonList!$D:$D, LAMBDA(row, OR(INDEX(ISNUMBER(SEARCH(SPLIT(row, ""/""), M27)))))))))"),"#N/A") -> #N/A | P27: ?
A28: 42 | B28: Pikachu | C28: Electric | D28: 60 | E28: 70 | F28: 65 | G28: Physical | H28: 44 | I28: 1 | J28: Flying, Steel, Electric | K28: =F28*H28 -> 2860 | L28: =K28/D28 -> 47.666667 | M28: #REF! | N28: =IFERROR(__xludf.DUMMYFUNCTION("TEXTJOIN("", "", TRUE, FILTER(PokemonList!$C:$C, (PokemonList!$B:$B=""6★"") * (BYROW(PokemonList!$D:$D, LAMBDA(row, OR(INDEX(ISNUMBER(SEARCH(SPLIT(row, ""/""), M28)))))))))"),"#N/A") -> #N/A | O28: =IFERROR(__xludf.DUMMYFUNCTION("TEXTJOIN("", "", TRUE, FILTER(PokemonList!$C:$C, (PokemonList!$B:$B=""5★"") * (BYROW(PokemonList!$D:$D, LAMBDA(row, OR(INDEX(ISNUMBER(SEARCH(SPLIT(row, ""/""), M28)))))))))"),"#N/A") -> #N/A
A29: 59 | B29: Obstagoon | C29: Dark | D29: 90 | E29: 75 | F29: 60 | G29: Physical | H29: 71 | I29: 1 | J29: Ghost, Psychic, Dark | K29: =F29*H29 -> 4260 | L29: =K29/D29 -> 47.333333 | M29: #REF! | N29: =IFERROR(__xludf.DUMMYFUNCTION("TEXTJOIN("", "", TRUE, FILTER(PokemonList!$C:$C, (PokemonList!$B:$B=""6★"") * (BYROW(PokemonList!$D:$D, LAMBDA(row, OR(INDEX(ISNUMBER(SEARCH(SPLIT(row, ""/""), M29)))))))))"),"#N/A") -> #N/A | O29: =IFERROR(__xludf.DUMMYFUNCTION("TEXTJOIN("", "", TRUE, FILTER(PokemonList!$C:$C, (PokemonList!$B:$B=""5★"") * (BYROW(PokemonList!$D:$D, LAMBDA(row, OR(INDEX(ISNUMBER(SEARCH(SPLIT(row, ""/""), M29)))))))))"),"#N/A") -> #N/A
A30: 36 | B30: Raboot | C30: Fire | D30: 64 | E30: 61 | F30: 50 | G30: Physical | H30: 56 | I30: 1 | J30: Bug, Steel, Fire, Grass, Ice, Fairy | K30: =F30*H30 -> 2800 | L30: =K30/D30 -> 43.75 | M30: #REF! | N30: =IFERROR(__xludf.DUMMYFUNCTION("TEXTJOIN("", "", TRUE, FILTER(PokemonList!$C:$C, (PokemonList!$B:$B=""6★"") * (BYROW(PokemonList!$D:$D, LAMBDA(row, OR(INDEX(ISNUMBER(SEARCH(SPLIT(row, ""/""), M30)))))))))"),"#N/A") -> #N/A | O30: =IFERROR(__xludf.DUMMYFUNCTION("TEXTJOIN("", "", TRUE, FILTER(PokemonList!$C:$C, (PokemonList!$B:$B=""5★"") * (BYROW(PokemonList!$D:$D, LAMBDA(row, OR(INDEX(ISNUMBER(SEARCH(SPLIT(row, ""/""), M30)))))))))"),"#N/A") -> #N/A
A31: 31 | B31: Quaxwell | C31: Water | D31: 84 | E31: 59 | F31: 60 | G31: Special | H31: 59 | I31: 1 | J31: Steel, Fire, Water, Ice | K31: =F31*H31 -> 3540 | L31: =K31/D31 -> 42.142857 | M31: #REF! | N31: =IFERROR(__xludf.DUMMYFUNCTION("TEXTJOIN("", "", TRUE, FILTER(PokemonList!$C:$C, (PokemonList!$B:$B=""6★"") * (BYROW(PokemonList!$D:$D, LAMBDA(row, OR(INDEX(ISNUMBER(SEARCH(SPLIT(row, ""/""), M31)))))))))"),"#N/A") -> #N/A | O31: =IFERROR(__xludf.DUMMYFUNCTION("TEXTJOIN("", "", TRUE, FILTER(PokemonList!$C:$C, (PokemonList!$B:$B=""5★"") * (BYROW(PokemonList!$D:$D, LAMBDA(row, OR(INDEX(ISNUMBER(SEARCH(SPLIT(row, ""/""), M31)))))))))"),"#N/A") -> #N/A
A32: 63 | B32: Doduo | C32: Flying | D32: 40 | E32: 41 | F32: 35 | G32: Physical | H32: 46 | I32: 1 | J32: Ground, Bug, Ghost, Grass | K32: =F32*H32 -> 1610 | L32: =K32/D32 -> 40.25 | M32: #REF! | N32: =IFERROR(__xludf.DUMMYFUNCTION("TEXTJOIN("", "", TRUE, FILTER(PokemonList!$C:$C, (PokemonList!$B:$B=""6★"") * (BYROW(PokemonList!$D:$D, LAMBDA(row, OR(INDEX(ISNUMBER(SEARCH(SPLIT(row, ""/""), M32)))))))))"),"#N/A") -> #N/A | O32: =IFERROR(__xludf.DUMMYFUNCTION("TEXTJOIN("", "", TRUE, FILTER(PokemonList!$C:$C, (PokemonList!$B:$B=""5★"") * (BYROW(PokemonList!$D:$D, LAMBDA(row, OR(INDEX(ISNUMBER(SEARCH(SPLIT(row, ""/""), M32)))))))))"),"#N/A") -> #N/A
A33: 27 | B33: Floragato | C33: Grass | D33: 84 | E33: 74 | F33: 60 | G33: Special | H33: 55 | I33: 1 | J33: Ground, Water, Electric, Grass | K33: =F33*H33 -> 3300 | L33: =K33/D33 -> 39.285714 | M33: #REF! | N33: =IFERROR(__xludf.DUMMYFUNCTION("TEXTJOIN("", "", TRUE, FILTER(PokemonList!$C:$C, (PokemonList!$B:$B=""6★"") * (BYROW(PokemonList!$D:$D, LAMBDA(row, OR(INDEX(ISNUMBER(SEARCH(SPLIT(row, ""/""), M33)))))))))"),"#N/A") -> #N/A | O33: =IFERROR(__xludf.DUMMYFUNCTION("TEXTJOIN("", "", TRUE, FILTER(PokemonList!$C:$C, (PokemonList!$B:$B=""5★"") * (BYROW(PokemonList!$D:$D, LAMBDA(row, OR(INDEX(ISNUMBER(SEARCH(SPLIT(row, ""/""), M33)))))))))"),"#N/A") -> #N/A
A34: 69 | B34: Snom | C34: Ice | D34: 30 | E34: 14 | F34: 40 | G34: Special | H34: 29 | I34: 1 | J34: Ground, Grass, Ice | K34: =F34*H34 -> 1160 | L34: =K34/D34 -> 38.666667 | M34: #REF! | N34: =IFERROR(__xludf.DUMMYFUNCTION("TEXTJOIN("", "", TRUE, FILTER(PokemonList!$C:$C, (PokemonList!$B:$B=""6★"") * (BYROW(PokemonList!$D:$D, LAMBDA(row, OR(INDEX(ISNUMBER(SEARCH(SPLIT(row, ""/""), M34)))))))))"),"#N/A") -> #N/A | O34: =IFERROR(__xludf.DUMMYFUNCTION("TEXTJOIN("", "", TRUE, FILTER(PokemonList!$C:$C, (PokemonList!$B:$B=""5★"") * (BYROW(PokemonList!$D:$D, LAMBDA(row, OR(INDEX(ISNUMBER(SEARCH(SPLIT(row, ""/""), M34)))))))))"),"#N/A") -> #N/A | P34: Lowest PE in the game
A35: 38 | B35: Sobble | C35: Water | D35: 42 | E35: 39 | F35: 40 | G35: Special | H35: 39 | I35: 1 | J35: Steel, Fire, Water, Ice | K35: =F35*H35 -> 1560 | L35: =K35/D35 -> 37.142857 | M35: #REF! | N35: =IFERROR(__xludf.DUMMYFUNCTION("TEXTJOIN("", "", TRUE, FILTER(PokemonList!$C:$C, (PokemonList!$B:$B=""6★"") * (BYROW(PokemonList!$D:$D, LAMBDA(row, OR(INDEX(ISNUMBER(SEARCH(SPLIT(row, ""/""), M35)))))))))"),"#N/A") -> #N/A | O35: =IFERROR(__xludf.DUMMYFUNCTION("TEXTJOIN("", "", TRUE, FILTER(PokemonList!$C:$C, (PokemonList!$B:$B=""5★"") * (BYROW(PokemonList!$D:$D, LAMBDA(row, OR(INDEX(ISNUMBER(SEARCH(SPLIT(row, ""/""), M35)))))))))"),"#N/A") -> #N/A
A36: 44 | B36: Eevee | C36: Normal | D36: 60 | E36: 44 | F36: 60 | G36: Special | H36: 37 | I36: 1 | J36: Ghost | K36: =F36*H36 -> 2220 | L36: =K36/D36 -> 37 | M36: #REF! | N36: =IFERROR(__xludf.DUMMYFUNCTION("TEXTJOIN("", "", TRUE, FILTER(PokemonList!$C:$C, (PokemonList!$B:$B=""6★"") * (BYROW(PokemonList!$D:$D, LAMBDA(row, OR(INDEX(ISNUMBER(SEARCH(SPLIT(row, ""/""), M36)))))))))"),"#N/A") -> #N/A | O36: =IFERROR(__xludf.DUMMYFUNCTION("TEXTJOIN("", "", TRUE, FILTER(PokemonList!$C:$C, (PokemonList!$B:$B=""5★"") * (BYROW(PokemonList!$D:$D, LAMBDA(row, OR(INDEX(ISNUMBER(SEARCH(SPLIT(row, ""/""), M36)))))))))"),"#N/A") -> #N/A
A37: 32 | B37: Grookey | C37: Grass | D37: 42 | E37: 36 | F37: 40 | G37: Physical | H37: 36 | I37: 1 | J37: Ground, Water, Electric, Grass | K37: =F37*H37 -> 1440 | L37: =K37/D37 -> 34.285714 | M37: #REF! | N37: =IFERROR(__xludf.DUMMYFUNCTION("TEXTJOIN("", "", TRUE, FILTER(PokemonList!$C:$C, (PokemonList!$B:$B=""6★"") * (BYROW(PokemonList!$D:$D, LAMBDA(row, OR(INDEX(ISNUMBER(SEARCH(SPLIT(row, ""/""), M37)))))))))"),"#N/A") -> #N/A | O37: =IFERROR(__xludf.DUMMYFUNCTION("TEXTJOIN("", "", TRUE, FILTER(PokemonList!$C:$C, (PokemonList!$B:$B=""5★"") * (BYROW(PokemonList!$D:$D, LAMBDA(row, OR(INDEX(ISNUMBER(SEARCH(SPLIT(row, ""/""), M37)))))))))"),"#N/A") -> #N/A
A38: 41 | B38: Dedenne | C38: Electric | D38: 52 | E38: 55 | F38: 40 | G38: Special | H38: 44 | I38: 1 | J38: Fighting, Flying, Bug, Electric, Dark | K38: =F38*H38 -> 1760 | L38: =K38/D38 -> 33.846154 | M38: #REF! | N38: =IFERROR(__xludf.DUMMYFUNCTION("TEXTJOIN("", "", TRUE, FILTER(PokemonList!$C:$C, (PokemonList!$B:$B=""6★"") * (BYROW(PokemonList!$D:$D, LAMBDA(row, OR(INDEX(ISNUMBER(SEARCH(SPLIT(row, ""/""), M38)))))))))"),"#N/A") -> #N/A | O38: =IFERROR(__xludf.DUMMYFUNCTION("TEXTJOIN("", "", TRUE, FILTER(PokemonList!$C:$C, (PokemonList!$B:$B=""5★"") * (BYROW(PokemonList!$D:$D, LAMBDA(row, OR(INDEX(ISNUMBER(SEARCH(SPLIT(row, ""/""), M38)))))))))"),"#N/A") -> #N/A
A39: 28 | B39: Fuecoco | C39: Fire | D39: 48 | E39: 25 | F39: 40 | G39: Special | H39: 40 | I39: 1 | J39: Bug, Steel, Fire, Grass, Ice, Fairy | K39: =F39*H39 -> 1600 | L39: =K39/D39 -> 33.333333 | M39: #REF! | N39: =IFERROR(__xludf.DUMMYFUNCTION("TEXTJOIN("", "", TRUE, FILTER(PokemonList!$C:$C, (PokemonList!$B:$B=""6★"") * (BYROW(PokemonList!$D:$D, LAMBDA(row, OR(INDEX(ISNUMBER(SEARCH(SPLIT(row, ""/""), M39)))))))))"),"#N/A") -> #N/A | O39: =IFERROR(__xludf.DUMMYFUNCTION("TEXTJOIN("", "", TRUE, FILTER(PokemonList!$C:$C, (PokemonList!$B:$B=""5★"") * (BYROW(PokemonList!$D:$D, LAMBDA(row, OR(INDEX(ISNUMBER(SEARCH(SPLIT(row, ""/""), M39)))))))))"),"#N/A") -> #N/A
A40: 26 | B40: Sprigatito | C40: Grass | D40: 48 | E40: 41 | F40: 40 | G40: Physical | H40: 39 | I40: 1 | J40: Ground, Water, Electric, Grass | K40: =F40*H40 -> 1560 | L40: =K40/D40 -> 32.5 | M40: #REF! | N40: =IFERROR(__xludf.DUMMYFUNCTION("TEXTJOIN("", "", TRUE, FILTER(PokemonList!$C:$C, (PokemonList!$B:$B=""6★"") * (BYROW(PokemonList!$D:$D, LAMBDA(row, OR(INDEX(ISNUMBER(SEARCH(SPLIT(row, ""/""), M40)))))))))"),"#N/A") -> #N/A | O40: =IFERROR(__xludf.DUMMYFUNCTION("TEXTJOIN("", "", TRUE, FILTER(PokemonList!$C:$C, (PokemonList!$B:$B=""5★"") * (BYROW(PokemonList!$D:$D, LAMBDA(row, OR(INDEX(ISNUMBER(SEARCH(SPLIT(row, ""/""), M40)))))))))"),"#N/A") -> #N/A
A41: 58 | B41: Galarian Linoone | C41: Dark | D41: 64 | E41: 67 | F41: 55 | G41: Special | H41: 36 | I41: 0.95 | J41: Ghost, Psychic, Dark | K41: =F41*H41 -> 1980 | L41: =K41/D41 -> 30.9375 | M41: #REF! | N41: =IFERROR(__xludf.DUMMYFUNCTION("TEXTJOIN("", "", TRUE, FILTER(PokemonList!$C:$C, (PokemonList!$B:$B=""6★"") * (BYROW(PokemonList!$D:$D, LAMBDA(row, OR(INDEX(ISNUMBER(SEARCH(SPLIT(row, ""/""), M41)))))))))"),"#N/A") -> #N/A | O41: =IFERROR(__xludf.DUMMYFUNCTION("TEXTJOIN("", "", TRUE, FILTER(PokemonList!$C:$C, (PokemonList!$B:$B=""5★"") * (BYROW(PokemonList!$D:$D, LAMBDA(row, OR(INDEX(ISNUMBER(SEARCH(SPLIT(row, ""/""), M41)))))))))"),"#N/A") -> #N/A
A42: 51 | B42: Golett | C42: Ghost | D42: 42 | E42: 22 | F42: 30 | G42: Physical | H42: 42 | I42: 1 | J42: Normal, Fighting, Poison, Bug, Rock, Electric | K42: =F42*H42 -> 1260 | L42: =K42/D42 -> 30 | M42: #REF! | N42: =IFERROR(__xludf.DUMMYFUNCTION("TEXTJOIN("", "", TRUE, FILTER(PokemonList!$C:$C, (PokemonList!$B:$B=""6★"") * (BYROW(PokemonList!$D:$D, LAMBDA(row, OR(INDEX(ISNUMBER(SEARCH(SPLIT(row, ""/""), M42)))))))))"),"#N/A") -> #N/A | O42: =IFERROR(__xludf.DUMMYFUNCTION("TEXTJOIN("", "", TRUE, FILTER(PokemonList!$C:$C, (PokemonList!$B:$B=""5★"") * (BYROW(PokemonList!$D:$D, LAMBDA(row, OR(INDEX(ISNUMBER(SEARCH(SPLIT(row, ""/""), M42)))))))))"),"#N/A") -> #N/A
A43: 57 | B43: Galarian Zigzagoon | C43: Dark | D43: 36 | E43: 35 | F43: 50 | G43: Physical | H43: 20 | I43: 1 | J43: Ghost, Psychic, Dark | K43: =F43*H43 -> 1000 | L43: =K43/D43 -> 27.777778 | M43: #REF! | N43: =IFERROR(__xludf.DUMMYFUNCTION("TEXTJOIN("", "", TRUE, FILTER(PokemonList!$C:$C, (PokemonList!$B:$B=""6★"") * (BYROW(PokemonList!$D:$D, LAMBDA(row, OR(INDEX(ISNUMBER(SEARCH(SPLIT(row, ""/""), M43)))))))))"),"#N/A") -> #N/A | O43: =IFERROR(__xludf.DUMMYFUNCTION("TEXTJOIN("", "", TRUE, FILTER(PokemonList!$C:$C, (PokemonList!$B:$B=""5★"") * (BYROW(PokemonList!$D:$D, LAMBDA(row, OR(INDEX(ISNUMBER(SEARCH(SPLIT(row, ""/""), M43)))))))))"),"#N/A") -> #N/A | P43: ?
A44: 30 | B44: Quaxly | C44: Water | D44: 48 | E44: 33 | F44: 40 | G44: Special | H44: 33 | I44: 1 | J44: Steel, Fire, Water, Ice | K44: =F44*H44 -> 1320 | L44: =K44/D44 -> 27.5 | M44: #REF! | N44: =IFERROR(__xludf.DUMMYFUNCTION("TEXTJOIN("", "", TRUE, FILTER(PokemonList!$C:$C, (PokemonList!$B:$B=""6★"") * (BYROW(PokemonList!$D:$D, LAMBDA(row, OR(INDEX(ISNUMBER(SEARCH(SPLIT(row, ""/""), M44)))))))))"),"#N/A") -> #N/A | O44: =IFERROR(__xludf.DUMMYFUNCTION("TEXTJOIN("", "", TRUE, FILTER(PokemonList!$C:$C, (PokemonList!$B:$B=""5★"") * (BYROW(PokemonList!$D:$D, LAMBDA(row, OR(INDEX(ISNUMBER(SEARCH(SPLIT(row, ""/""), M44)))))))))"),"#N/A") -> #N/A
A45: 65 | B45: Gossifleur | C45: Grass | D45: 44 | E45: 7 | F45: 40 | G45: Physical | H45: 28 | I45: 1 | J45: Ground, Water, Electric, Grass | K45: =F45*H45 -> 1120 | L45: =K45/D45 -> 25.454545 | M45: #REF! | N45: =IFERROR(__xludf.DUMMYFUNCTION("TEXTJOIN("", "", TRUE, FILTER(PokemonList!$C:$C, (PokemonList!$B:$B=""6★"") * (BYROW(PokemonList!$D:$D, LAMBDA(row, OR(INDEX(ISNUMBER(SEARCH(SPLIT(row, ""/""), M45)))))))))"),"#N/A") -> #N/A | O45: =IFERROR(__xludf.DUMMYFUNCTION("TEXTJOIN("", "", TRUE, FILTER(PokemonList!$C:$C, (PokemonList!$B:$B=""5★"") * (BYROW(PokemonList!$D:$D, LAMBDA(row, OR(INDEX(ISNUMBER(SEARCH(SPLIT(row, ""/""), M45)))))))))"),"#N/A") -> #N/A
A46: 35 | B46: Scorbunny | C46: Fire | D46: 42 | E46: 38 | F46: 40 | G46: Special | H46: 24 | I46: 1 | J46: Bug, Steel, Fire, Grass, Ice, Fairy | K46: =F46*H46 -> 960 | L46: =K46/D46 -> 22.857143 | M46: #REF! | N46: =IFERROR(__xludf.DUMMYFUNCTION("TEXTJOIN("", "", TRUE, FILTER(PokemonList!$C:$C, (PokemonList!$B:$B=""6★"") * (BYROW(PokemonList!$D:$D, LAMBDA(row, OR(INDEX(ISNUMBER(SEARCH(SPLIT(row, ""/""), M46)))))))))"),"#N/A") -> #N/A | O46: =IFERROR(__xludf.DUMMYFUNCTION("TEXTJOIN("", "", TRUE, FILTER(PokemonList!$C:$C, (PokemonList!$B:$B=""5★"") * (BYROW(PokemonList!$D:$D, LAMBDA(row, OR(INDEX(ISNUMBER(SEARCH(SPLIT(row, ""/""), M46)))))))))"),"#N/A") -> #N/A
A47: 53 | B47: Slowpoke | C47: Water | D47: 42 | E47: 9 | F47: 40 | G47: Special | H47: 24 | I47: 1 | J47: Fighting, Steel, Fire, Water, Ice, Psychic | K47: =F47*H47 -> 960 | L47: =K47/D47 -> 22.857143 | M47: #REF! | N47: =IFERROR(__xludf.DUMMYFUNCTION("TEXTJOIN("", "", TRUE, FILTER(PokemonList!$C:$C, (PokemonList!$B:$B=""6★"") * (BYROW(PokemonList!$D:$D, LAMBDA(row, OR(INDEX(ISNUMBER(SEARCH(SPLIT(row, ""/""), M47)))))))))"),"#N/A") -> #N/A | O47: =IFERROR(__xludf.DUMMYFUNCTION("TEXTJOIN("", "", TRUE, FILTER(PokemonList!$C:$C, (PokemonList!$B:$B=""5★"") * (BYROW(PokemonList!$D:$D, LAMBDA(row, OR(INDEX(ISNUMBER(SEARCH(SPLIT(row, ""/""), M47)))))))))"),"#N/A") -> #N/A

Sheet StardustV2 (Sub100)
A1: Number | B1: Pokemon | C1: Move Type | D1: PE | E1: Speed | F1: Move Power | G1: Damage type | H1: Attack Stat | I1: Accuracy | J1: Resistences | K1: Notes | L1: Damage | M1: PE Efficiency | N1: Version | O1: Highest Damage | Q1: Version | R1: Best Efficiency
A2: 26 | B2: Meowscarada | C2: Dark | D2: 92 | E2: 96 | F2: 70 | G2: Physical | H2: 86 | I2: 1 | J2: Ground, Ghost, Water, Electric, Grass, Psychic, Dark | K2: High Crit Chance, 7 Resistances | L2: =F2*H2 -> 6020 | M2: =L2/D2 -> 65.434783 | N2: Normal | O2: Fighting | Q2: Normal | R2: Fighting
A3: 27 | B3: Skeledirge | C3: Ghost | D3: 92 | E3: 53 | F3: 65 | G3: Special | H3: 86 | I3: 1 | J3: Normal, Fighting, Poison, Bug, Steel, FIre, Grass, Ice, Fairy | K3: 9 Resistances | L3: =F3*H3 -> 5590 | M3: =L3/D3 -> 60.76087 | N3: =_xludf.XLOOKUP(_xludf.MAXIFS($L$2:$L$47,$C$2:$C$47,N2),$L$2:$L$47,$B$2:$B$47,"No Pokemon") -> #NAME? | O3: =_xludf.XLOOKUP(_xludf.MAXIFS($L$2:$L$47,$C$2:$C$47,O2),$L$2:$L$47,$B$2:$B$47,"No Pokemon") -> #NAME? | Q3: =_xludf.XLOOKUP(_xludf.MAXIFS($M$2:$M$47,$C$2:$C$47,Q2),$M$2:$M$47,$B$2:$B$47,"No Pokemon") -> #NAME? | R3: =_xludf.XLOOKUP(_xludf.MAXIFS($M$2:$M$47,$C$2:$C$47,R2),$M$2:$M$47,$B$2:$B$47,"No Pokemon") -> #NAME?
A4: 28 | B4: Quaquaval | C4: Fighting | D4: 92 | E4: 67 | F4: 65 | G4: Physical | H4: 93 | I4: 1 | J4: Bug, Rock, Steel, Fire, Water, Ice, Dark | K4: 7 Resistances | L4: =F4*H4 -> 6045 | M4: =L4/D4 -> 65.706522
A5: 29 | B5: Charcadet | C5: Fire | D5: 40 | E5: 24 | F5: 40 | G5: Special | H5: 33 | I5: 1 | J5: Bug, Steel, Fire, Grass, Ice, Fairy | L5: =F5*H5 -> 1320 | M5: =L5/D5 -> 33
A6: 30 | B6: Frigibax | C6: Normal | D6: 48 | E6: 35 | F6: 50 | G6: Physical | H6: 47 | I6: 1 | J6: Water, Electric, Grass | L6: =F6*H6 -> 2350 | M6: =L6/D6 -> 48.958333 | N6: Poison | O6: Ground | Q6: Poison | R6: Ground
A7: 31 | B7: Pawmi | C7: Normal | D7: 40 | E7: 38 | F7: 40 | G7: Physical | H7: 33 | I7: 1 | J7: Flying, Steel, Electric | L7: =F7*H7 -> 1320 | M7: =L7/D7 -> 33 | N7: =_xludf.XLOOKUP(_xludf.MAXIFS($L$2:$L$47,$C$2:$C$47,N6),$L$2:$L$47,$B$2:$B$47,"No Pokemon") -> #NAME? | O7: =_xludf.XLOOKUP(_xludf.MAXIFS($L$2:$L$47,$C$2:$C$47,O6),$L$2:$L$47,$B$2:$B$47,"No Pokemon") -> #NAME? | Q7: =_xludf.XLOOKUP(_xludf.MAXIFS($M$2:$M$47,$C$2:$C$47,Q6),$M$2:$M$47,$B$2:$B$47,"No Pokemon") -> #NAME? | R7: =_xludf.XLOOKUP(_xludf.MAXIFS($M$2:$M$47,$C$2:$C$47,R6),$M$2:$M$47,$B$2:$B$47,"No Pokemon") -> #NAME?
A8: 32 | B8: Turtwig | C8: Grass | D8: 44 | E8: 20 | F8: 20 | G8: Special | H8: 27 | I8: 1 | J8: Ground, Water, Electric, Grass | K8: Drains HP | L8: =F8*H8 -> 540 | M8: =L8/D8 -> 12.272727
A9: 33 | B9: Grotle | C9: Grass | D9: 64 | E9: 26 | F9: 40 | G9: Special | H9: 39 | I9: 1 | J9: Ground, Water, Electric, Grass | K9: Drains HP | L9: =F9*H9 -> 1560 | M9: =L9/D9 -> 24.375
A10: 34 | B10: Torterra | C10: Ground | D10: 92 | E10: 46 | F10: 75 | G10: Physical | H10: 85 | I10: 1 | J10: Ground, Water, Electric, Grass | L10: =F10*H10 -> 6375 | M10: =L10/D10 -> 69.293478 | N10: Flying | O10: Bug | Q10: Flying | R10: Bug
A11: 35 | B11: Chimchar | C11: Fire | D11: 42 | E11: 35 | F11: 40 | G11: Special | H11: 34 | I11: 1 | J11: Bug, Steel, Fire, Grass, Ice, Fairy | L11: =F11*H11 -> 1360 | M11: =L11/D11 -> 32.380952 | N11: =_xludf.XLOOKUP(_xludf.MAXIFS($L$2:$L$47,$C$2:$C$47,N10),$L$2:$L$47,$B$2:$B$47,"No Pokemon") -> #NAME? | O11: =_xludf.XLOOKUP(_xludf.MAXIFS($L$2:$L$47,$C$2:$C$47,O10),$L$2:$L$47,$B$2:$B$47,"No Pokemon") -> #NAME? | Q11: =_xludf.XLOOKUP(_xludf.MAXIFS($M$2:$M$47,$C$2:$C$47,Q10),$M$2:$M$47,$B$2:$B$47,"No Pokemon") -> #NAME? | R11: =_xludf.XLOOKUP(_xludf.MAXIFS($M$2:$M$47,$C$2:$C$47,R10),$M$2:$M$47,$B$2:$B$47,"No Pokemon") -> #NAME?
A12: 36 | B12: Monferno | C12: Fighting | D12: 64 | E12: 55 | F12: 40 | G12: Physical | H12: 53 | I12: 1 | J12: Bug, Metal, Fire, Grass, Ice, Dark | L12: =F12*H12 -> 2120 | M12: =L12/D12 -> 33.125
A13: 37 | B13: Infernape | C13: Fighting | D13: 92 | E13: 84 | F13: 75 | G13: Physical | H13: 81 | I13: 1 | J13: Bug, Metal, Fire, Grass, Ice, Dark | L13: =F13*H13 -> 6075 | M13: =L13/D13 -> 66.032609
A14: 38 | B14: Piplup | C14: Water | D14: 44 | E14: 25 | F14: 40 | G14: Special | H14: 35 | I14: 1 | J14: Steel, Fire, Water, Ice | L14: =F14*H14 -> 1400 | M14: =L14/D14 -> 31.818182 | N14: Rock | O14: Ghost | Q14: Rock | R14: Ghost
A15: 39 | B15: Prinplup | C15: Water | D15: 64 | E15: 36 | F15: 65 | G15: Special | H15: 55 | I15: 1 | J15: Steel, Fire, Water, Ice | L15: =F15*H15 -> 3575 | M15: =L15/D15 -> 55.859375 | N15: =_xludf.XLOOKUP(_xludf.MAXIFS($L$2:$L$47,$C$2:$C$47,N14),$L$2:$L$47,$B$2:$B$47,"No Pokemon") -> #NAME? | O15: =_xludf.XLOOKUP(_xludf.MAXIFS($L$2:$L$47,$C$2:$C$47,O14),$L$2:$L$47,$B$2:$B$47,"No Pokemon") -> #NAME? | Q15: =_xludf.XLOOKUP(_xludf.MAXIFS($M$2:$M$47,$C$2:$C$47,Q14),$M$2:$M$47,$B$2:$B$47,"No Pokemon") -> #NAME? | R15: =_xludf.XLOOKUP(_xludf.MAXIFS($M$2:$M$47,$C$2:$C$47,R14),$M$2:$M$47,$B$2:$B$47,"No Pokemon") -> #NAME?
A16: 40 | B16: Empoleon | C16: Steel | D16: 92 | E16: 49 | F16: 70 | G16: Physical | H16: 68 | I16: 0.9 | J16: Normal, Poison, Flying, Bug, Rock, Steel, Water, Ice, Psychic, Dragon, Fairy | K16: 11 Resistances | L16: =F16*H16 -> 4760 | M16: =L16/D16 -> 51.73913
A17: 41 | B17: Vaporeon | C17: Water | D17: 90 | E17: 51 | F17: 90 | G17: Special | H17: 84 | I17: 0.85 | J17: Steel, Fire, Water, Ice | L17: =F17*H17 -> 7560 | M17: =L17/D17 -> 84
A18: 42 | B18: Flareon | C18: Fire | D18: 90 | E18: 51 | F18: 80 | G18: Special | H18: 73 | I18: 1 | J18: Bug, Steel, Fire, Grass, Ice, Fairy | L18: =F18*H18 -> 5840 | M18: =L18/D18 -> 64.888889 | N18: Steel | O18: Fire | Q18: Steel | R18: Fire
A19: 43 | B19: Umbreon | C19: Dark | D19: 92 | E19: 53 | F19: 60 | G19: Physical | H19: 53 | I19: 1 | J19: Ghost, Psychic, Dark | L19: =F19*H19 -> 3180 | M19: =L19/D19 -> 34.565217 | N19: =_xludf.XLOOKUP(_xludf.MAXIFS($L$2:$L$47,$C$2:$C$47,N18),$L$2:$L$47,$B$2:$B$47,"No Pokemon") -> #NAME? | O19: =_xludf.XLOOKUP(_xludf.MAXIFS($L$2:$L$47,$C$2:$C$47,O18),$L$2:$L$47,$B$2:$B$47,"No Pokemon") -> #NAME? | Q19: =_xludf.XLOOKUP(_xludf.MAXIFS($M$2:$M$47,$C$2:$C$47,Q18),$M$2:$M$47,$B$2:$B$47,"No Pokemon") -> #NAME? | R19: =_xludf.XLOOKUP(_xludf.MAXIFS($M$2:$M$47,$C$2:$C$47,R18),$M$2:$M$47,$B$2:$B$47,"No Pokemon") -> #NAME?
A20: 44 | B20: Glaceon | C20: Ice | D20: 94 | E20: 54 | F20: 70 | G20: Special | H20: 103 | I20: 1 | J20: Ice | L20: =F20*H20 -> 7210 | M20: =L20/D20 -> 76.702128
A21: 45 | B21: Yamper | C21: Electric | D21: 38 | E21: 16 | F21: 20 | G21: Physical | H21: 26 | I21: 1 | J21: Flying, Steel, Electric | L21: =F21*H21 -> 520 | M21: =L21/D21 -> 13.684211
A22: 46 | B22: Boltund | C22: Electric | D22: 84 | E22: 93 | F22: 65 | G22: Physical | H22: 69 | I22: 1 | J22: Flying, Steel, Electric | L22: =F22*H22 -> 4485 | M22: =L22/D22 -> 53.392857 | N22: Water | O22: Electric | Q22: Water | R22: Electric
A23: 47 | B23: Pidgey | C23: Flying | D23: 36 | E23: 31 | F23: 40 | G23: Special | H23: 21 | I23: 1 | J23: Ground, Bug, Ghost, Grass | L23: =F23*H23 -> 840 | M23: =L23/D23 -> 23.333333 | N23: =_xludf.XLOOKUP(_xludf.MAXIFS($L$2:$L$47,$C$2:$C$47,N22),$L$2:$L$47,$B$2:$B$47,"No Pokemon") -> #NAME? | O23: =_xludf.XLOOKUP(_xludf.MAXIFS($L$2:$L$47,$C$2:$C$47,O22),$L$2:$L$47,$B$2:$B$47,"No Pokemon") -> #NAME? | Q23: =_xludf.XLOOKUP(_xludf.MAXIFS($M$2:$M$47,$C$2:$C$47,Q22),$M$2:$M$47,$B$2:$B$47,"No Pokemon") -> #NAME? | R23: =_xludf.XLOOKUP(_xludf.MAXIFS($M$2:$M$47,$C$2:$C$47,R22),$M$2:$M$47,$B$2:$B$47,"No Pokemon") -> #NAME?
A24: 48 | B24: Pidgeotto | C24: Flying | D24: 54 | E24: 47 | F24: 60 | G24: Physical | H24: 41 | I24: 1 | J24: Ground, Bug, Ghost, Grass | L24: =F24*H24 -> 2460 | M24: =L24/D24 -> 45.555556
A25: 49 | B25: Pidgeot | C25: Flying | D25: 82 | E25: 77 | F25: 75 | G25: Special | H25: 55 | I25: 0.95 | J25: Ground, Bug, Ghost, Grass | L25: =F25*H25 -> 4125 | M25: =L25/D25 -> 50.304878
A26: 50 | B26: Alolan Sandshrew | C26: Ice | D26: 40 | E26: 24 | F26: 77.5 | G26: Physical | H26: 41 | I26: 1 | J26: Normal, Poison, Flying, Bug, Grass, Ice, Psychic, Dragon, Fairy | K26: 9 Resistances | L26: =F26*H26 -> 3177.5 | M26: =L26/D26 -> 79.4375 | N26: Grass | O26: Ice | Q26: Grass | R26: Ice
A27: 51 | B27: Alolan Sandslash | C27: Ice | D27: 78 | E27: 78 | F27: 85 | G27: Physical | H27: 77 | I27: 0.9 | J27: Normal, Poison, Flying, Bug, Grass, Ice, Psychic, Dragon, Fairy | K27: 9 Resistances | L27: =F27*H27 -> 6545 | M27: =L27/D27 -> 83.910256 | N27: =_xludf.XLOOKUP(_xludf.MAXIFS($L$2:$L$47,$C$2:$C$47,N26),$L$2:$L$47,$B$2:$B$47,"No Pokemon") -> #NAME? | O27: =_xludf.XLOOKUP(_xludf.MAXIFS($L$2:$L$47,$C$2:$C$47,O26),$L$2:$L$47,$B$2:$B$47,"No Pokemon") -> #NAME? | Q27: =_xludf.XLOOKUP(_xludf.MAXIFS($M$2:$M$47,$C$2:$C$47,Q26),$M$2:$M$47,$B$2:$B$47,"No Pokemon") -> #NAME? | R27: =_xludf.XLOOKUP(_xludf.MAXIFS($M$2:$M$47,$C$2:$C$47,R26),$M$2:$M$47,$B$2:$B$47,"No Pokemon") -> #NAME?
A28: 52 | B28: Bronzor | C28: Psychic | D28: 42 | E28: 16 | F28: 50 | G28: Special | H28: 17 | I28: 1 | J28: Normal, Poison, Flying, Rock, Steel, Grass, Ice, Psychic, Dragon, Fairy | K28: 10 Resistances | L28: =F28*H28 -> 850 | M28: =L28/D28 -> 20.238095
A29: 53 | B29: Bronzong | C29: Steel | D29: 74 | E29: 24 | F29: 80 | G29: Physical | H29: 60 | I29: 1 | J29: Normal, Poison, Flying, Rock, Steel, Grass, Ice, Psychic, Dragon, Fairy | K29: 10 Resistances | L29: =F29*H29 -> 4800 | M29: =L29/D29 -> 64.864865
A30: 54 | B30: Trapinch | C30: Ground | D30: 40 | E30: 6 | F30: 35 | G30: Physical | H30: 55 | I30: 0.85 | J30: Poison, Rock, Electric | L30: =F30*H30 -> 1925 | M30: =L30/D30 -> 48.125 | N30: Psychic | O30: Dragon | Q30: Psychic | R30: Dragon
A31: 55 | B31: Vibrava | C31: Dragon | D31: 58 | E31: 51 | F31: 60 | G31: Physical | H31: 51 | I31: 0.9 | J31: Poison, Rock, Fire, Electric | L31: =F31*H31 -> 3060 | M31: =L31/D31 -> 52.758621 | N31: =_xludf.XLOOKUP(_xludf.MAXIFS($L$2:$L$47,$C$2:$C$47,N30),$L$2:$L$47,$B$2:$B$47,"No Pokemon") -> #NAME? | O31: =_xludf.XLOOKUP(_xludf.MAXIFS($L$2:$L$47,$C$2:$C$47,O30),$L$2:$L$47,$B$2:$B$47,"No Pokemon") -> #NAME? | Q31: =_xludf.XLOOKUP(_xludf.MAXIFS($M$2:$M$47,$C$2:$C$47,Q30),$M$2:$M$47,$B$2:$B$47,"No Pokemon") -> #NAME? | R31: =_xludf.XLOOKUP(_xludf.MAXIFS($M$2:$M$47,$C$2:$C$47,R30),$M$2:$M$47,$B$2:$B$47,"No Pokemon") -> #NAME?
A32: 56 | B32: Flygon | C32: Dragon | D32: 96 | E32: 83 | F32: 80 | G32: Physical | H32: 83 | I32: 1 | J32: Poison, Rock, Fire, Electric | L32: =F32*H32 -> 6640 | M32: =L32/D32 -> 69.166667
A33: 57 | B33: Wingull | C33: Flying | D33: 38 | E33: 50 | F33: 40 | G33: Special | H33: 34 | I33: 1 | J33: Fighting, Ground, Bug, Steel, Fire, Water | L33: =F33*H33 -> 1360 | M33: =L33/D33 -> 35.789474
A34: 58 | B34: Pelipper | C34: Flying | D34: 70 | E34: 46 | F34: 75 | G34: Special | H34: 65 | I34: 0.95 | J34: Fighting, Ground, Bug, Steel, Fire, Water | L34: =F34*H34 -> 4875 | M34: =L34/D34 -> 69.642857 | N34: Dark | O34: Fairy | Q34: Dark | R34: Fairy
A35: 59 | B35: Jynx | C35: Ice | D35: 68 | E35: 62 | F35: 60 | G35: Physical | H35: 35 | I35: 1 | J35: Ice, Psychic | K35: ? | L35: =F35*H35 -> 2100 | M35: =L35/D35 -> 30.882353 | N35: {=_xludf.XLOOKUP(_xludf.MAXIFS($L$2:$L$47,$C$2:$C$47,N34),$L$2:$L$47,$B$2:$B$47,"No Pokemon")} -> #NAME? | O35: Kirlia | Q35: =_xludf.XLOOKUP(_xludf.MAXIFS($M$2:$M$47,$C$2:$C$47,Q34),$M$2:$M$47,$B$2:$B$47,"No Pokemon") -> #NAME? | R35: =_xludf.XLOOKUP(_xludf.MAXIFS($M$2:$M$47,$C$2:$C$47,R34),$M$2:$M$47,$B$2:$B$47,"No Pokemon") -> #NAME?
A36: 60 | B36: Abra | C36: Psychic | D36: 42 | E36: 50 | F36: 60 | G36: Special | H36: 57 | I36: 1 | J36: Fighting, Psychic | L36: =F36*H36 -> 3420 | M36: =L36/D36 -> 81.428571
A37: 61 | B37: Kadabra | C37: Psychic | D37: 62 | E37: 70 | F37: 65 | G37: Special | H37: 79 | I37: 1 | J37: Fighting, Psychic | L37: =F37*H37 -> 5135 | M37: =L37/D37 -> 82.822581
A38: 62 | B38: Alakazam | C38: Psychic | D38: 88 | E38: 93 | F38: 90 | G38: Special | H38: 109 | I38: 1 | J38: Fighting, Psychic | L38: =F38*H38 -> 9810 | M38: =L38/D38 -> 111.47727
A39: 63 | B39: Drifloon | C39: Ghost | D39: 56 | E39: 48 | F39: 30 | G39: Physical | H39: 36 | I39: 1 | J39: Normal, Fighting, Poison, Ground, Bug, Grass | L39: =F39*H39 -> 1080 | M39: =L39/D39 -> 19.285714
A40: 64 | B40: Drifblim | C40: Ghost | D40: 88 | E40: 64 | F40: 65 | G40: Special | H40: 71 | I40: 1 | J40: Normal, Fighting, Poison, Ground, Bug, Grass | L40: =F40*H40 -> 4615 | M40: =L40/D40 -> 52.443182
A41: 65 | B41: Mareanie | C41: Poison | D41: 54 | E41: 34 | F41: 65 | G41: Special | H41: 33 | I41: 1 | J41: Fighting, Poison, Bug, Steel, Fire, Water, Ice, Fairy | K41: 8 Resistances | L41: =F41*H41 -> 2145 | M41: =L41/D41 -> 39.722222
A42: 66 | B42: Togedemaru | C42: Electric | D42: 68 | E42: 66 | F42: 65 | G42: Physical | H42: 67 | I42: 1 | J42: Normal. Poison, Flying, Bug, Rock, Steel, Electric, Grass, Ice, Psychic, Dragon, Fairy | K42: 12 Resistances | L42: =F42*H42 -> 4355 | M42: =L42/D42 -> 64.044118
A43: 67 | B43: Ralts | C43: Fairy | D43: 32 | E43: 25 | F43: 40 | G43: Special | H43: 29 | I43: Cannot Miss | J43: Fighting, Psychic, Dragon | L43: =F43*H43 -> 1160 | M43: =L43/D43 -> 36.25
A44: 68 | B44: Kirlia | C44: Fairy | D44: 50 | E44: 38 | F44: 50 | G44: Special | H44: 47 | I44: 1 | J44: Fighting, Psychic, Dragon | K44: Drains HP | L44: =F44*H44 -> 2350 | M44: =L44/D44 -> 47
A45: 69 | B45: Gardevoir | C45: Psychic | D45: 96 | E45: 67 | F45: 80 | G45: Special | H45: 102 | I45: 1 | J45: Fighting, Psychic, Dragon | L45: =F45*H45 -> 8160 | M45: =L45/D45 -> 85
A46: 70 | B46: Onix | C46: Ground | D46: 64 | E46: 51 | F46: 60 | G46: Physical | H46: 34 | I46: 1 | J46: Normal, Poison, Flying, Rock, Fire, Electric, | L46: =F46*H46 -> 2040 | M46: =L46/D46 -> 31.875
J48: 6 or more Resistances

Sheet StardustV1 (Full)
A1: Number | B1: Pokemon | C1: Special Move | D1: Move Type | E1: PE | F1: Spd | G1: Move Power | H1: Damage type | I1: Attack Stat | J1: Accuracy | K1: Resistances | L1: Damage | M1: PE Efficiency | N1: Strong Against | O1: 6★Preys | P1: 5★ Preys | Q1: Notes
A2: 1 | B2: Mewtwo | C2: Psystrike | D2: Psychic | E2: 158 | F2: 140 | G2: 100 | H2: Special | I2: 165 | J2: 1 | K2: Fighting, Psychic | L2: =G2*I2 -> 16500 | M2: =L2/E2 -> 104.43038 | N2: #REF! | O2: =IFERROR(__xludf.DUMMYFUNCTION("TEXTJOIN("", "", TRUE, FILTER(PokemonList!$C:$C, (PokemonList!$B:$B=""6★"") * (BYROW(PokemonList!$D:$D, LAMBDA(row, OR(INDEX(ISNUMBER(SEARCH(SPLIT(row, ""/""), N2)))))))))"),"#N/A") -> #N/A | P2: =IFERROR(__xludf.DUMMYFUNCTION("TEXTJOIN("", "", TRUE, FILTER(PokemonList!$C:$C, (PokemonList!$B:$B=""5★"") * (BYROW(PokemonList!$D:$D, LAMBDA(row, OR(INDEX(ISNUMBER(SEARCH(SPLIT(row, ""/""), N2)))))))))"),"#N/A") -> #N/A
A3: 2 | B3: Mew | C3: Psychic | D3: Psychic | E3: 142 | F3: 109 | G3: 90 | H3: Special | I3: 109 | J3: 1 | K3: Fighting, Psychic | L3: =G3*I3 -> 9810 | M3: =L3/E3 -> 69.084507 | N3: #REF! | O3: =IFERROR(__xludf.DUMMYFUNCTION("TEXTJOIN("", "", TRUE, FILTER(PokemonList!$C:$C, (PokemonList!$B:$B=""6★"") * (BYROW(PokemonList!$D:$D, LAMBDA(row, OR(INDEX(ISNUMBER(SEARCH(SPLIT(row, ""/""), N3)))))))))"),"#N/A") -> #N/A | P3: =IFERROR(__xludf.DUMMYFUNCTION("TEXTJOIN("", "", TRUE, FILTER(PokemonList!$C:$C, (PokemonList!$B:$B=""5★"") * (BYROW(PokemonList!$D:$D, LAMBDA(row, OR(INDEX(ISNUMBER(SEARCH(SPLIT(row, ""/""), N3)))))))))"),"#N/A") -> #N/A
A4: 3 | B4: Zacian | C4: Behemot Blade | D4: Steel | E4: 162 | F4: 153 | G4: 100 | H4: Physical | I4: 85 | J4: 1 | K4: Rock, Ice, Fairy | L4: =G4*I4 -> 8500 | M4: =L4/E4 -> 52.469136 | N4: #REF! | O4: =IFERROR(__xludf.DUMMYFUNCTION("TEXTJOIN("", "", TRUE, FILTER(PokemonList!$C:$C, (PokemonList!$B:$B=""6★"") * (BYROW(PokemonList!$D:$D, LAMBDA(row, OR(INDEX(ISNUMBER(SEARCH(SPLIT(row, ""/""), N4)))))))))"),"#N/A") -> #N/A | P4: =IFERROR(__xludf.DUMMYFUNCTION("TEXTJOIN("", "", TRUE, FILTER(PokemonList!$C:$C, (PokemonList!$B:$B=""5★"") * (BYROW(PokemonList!$D:$D, LAMBDA(row, OR(INDEX(ISNUMBER(SEARCH(SPLIT(row, ""/""), N4)))))))))"),"#N/A") -> #N/A
A5: 4 | B5: Zamazenta | C5: Behemot Bash | D5: Steel | E5: 162 | F5: 133 | G5: 100 | H5: Physical | I5: 85 | J5: 1 | K5: Rock, Ice, Fairy | L5: =G5*I5 -> 8500 | M5: =L5/E5 -> 52.469136 | N5: #REF! | O5: =IFERROR(__xludf.DUMMYFUNCTION("TEXTJOIN("", "", TRUE, FILTER(PokemonList!$C:$C, (PokemonList!$B:$B=""6★"") * (BYROW(PokemonList!$D:$D, LAMBDA(row, OR(INDEX(ISNUMBER(SEARCH(SPLIT(row, ""/""), N5)))))))))"),"#N/A") -> #N/A | P5: =IFERROR(__xludf.DUMMYFUNCTION("TEXTJOIN("", "", TRUE, FILTER(PokemonList!$C:$C, (PokemonList!$B:$B=""5★"") * (BYROW(PokemonList!$D:$D, LAMBDA(row, OR(INDEX(ISNUMBER(SEARCH(SPLIT(row, ""/""), N5)))))))))"),"#N/A") -> #N/A
A6: 5 | B6: Tyranitar | C6: Stone Edge | D6: Rock | E6: 144 | F6: 69 | G6: 100 | H6: Physical | I6: 105 | J6: 1 | K6: Normal, Fire, Water, Grass | L6: =G6*I6 -> 10500 | M6: =L6/E6 -> 72.916667 | N6: #REF! | O6: =IFERROR(__xludf.DUMMYFUNCTION("TEXTJOIN("", "", TRUE, FILTER(PokemonList!$C:$C, (PokemonList!$B:$B=""6★"") * (BYROW(PokemonList!$D:$D, LAMBDA(row, OR(INDEX(ISNUMBER(SEARCH(SPLIT(row, ""/""), N6)))))))))"),"#N/A") -> #N/A | P6: =IFERROR(__xludf.DUMMYFUNCTION("TEXTJOIN("", "", TRUE, FILTER(PokemonList!$C:$C, (PokemonList!$B:$B=""5★"") * (BYROW(PokemonList!$D:$D, LAMBDA(row, OR(INDEX(ISNUMBER(SEARCH(SPLIT(row, ""/""), N6)))))))))"),"#N/A") -> #N/A
A7: 6 | B7: Metagross | C7: Meteor Mash | D7: Steel | E7: 144 | F7: 79 | G7: 90 | H7: Physical | I7: 105 | J7: 1 | K7: Normal, Grass, Ice, Psychic | L7: =G7*I7 -> 9450 | M7: =L7/E7 -> 65.625 | N7: #REF! | O7: =IFERROR(__xludf.DUMMYFUNCTION("TEXTJOIN("", "", TRUE, FILTER(PokemonList!$C:$C, (PokemonList!$B:$B=""6★"") * (BYROW(PokemonList!$D:$D, LAMBDA(row, OR(INDEX(ISNUMBER(SEARCH(SPLIT(row, ""/""), N7)))))))))"),"#N/A") -> #N/A | P7: =IFERROR(__xludf.DUMMYFUNCTION("TEXTJOIN("", "", TRUE, FILTER(PokemonList!$C:$C, (PokemonList!$B:$B=""5★"") * (BYROW(PokemonList!$D:$D, LAMBDA(row, OR(INDEX(ISNUMBER(SEARCH(SPLIT(row, ""/""), N7)))))))))"),"#N/A") -> #N/A
A8: 7 | B8: Miraidon | C8: Electro Drift | D8: Electric | E8: 162 | F8: 150 | G8: 100 | H8: Special | I8: 150 | J8: 1 | K8: Electric, Steel, Flying | L8: =G8*I8 -> 15000 | M8: =L8/E8 -> 92.592593 | N8: #REF! | O8: =IFERROR(__xludf.DUMMYFUNCTION("TEXTJOIN("", "", TRUE, FILTER(PokemonList!$C:$C, (PokemonList!$B:$B=""6★"") * (BYROW(PokemonList!$D:$D, LAMBDA(row, OR(INDEX(ISNUMBER(SEARCH(SPLIT(row, ""/""), N8)))))))))"),"#N/A") -> #N/A | P8: =IFERROR(__xludf.DUMMYFUNCTION("TEXTJOIN("", "", TRUE, FILTER(PokemonList!$C:$C, (PokemonList!$B:$B=""5★"") * (BYROW(PokemonList!$D:$D, LAMBDA(row, OR(INDEX(ISNUMBER(SEARCH(SPLIT(row, ""/""), N8)))))))))"),"#N/A") -> #N/A
A9: 8 | B9: Venusaur | C9: Leaf Storm | D9: Grass | E9: 122 | F9: 85 | G9: 130 | H9: Special | I9: 105 | J9: 0.9 | K9: Water, Electric, Grass | L9: =G9*I9 -> 13650 | M9: =L9/E9 -> 111.88525 | N9: #REF! | O9: =IFERROR(__xludf.DUMMYFUNCTION("TEXTJOIN("", "", TRUE, FILTER(PokemonList!$C:$C, (PokemonList!$B:$B=""6★"") * (BYROW(PokemonList!$D:$D, LAMBDA(row, OR(INDEX(ISNUMBER(SEARCH(SPLIT(row, ""/""), N9)))))))))"),"#N/A") -> #N/A | P9: =IFERROR(__xludf.DUMMYFUNCTION("TEXTJOIN("", "", TRUE, FILTER(PokemonList!$C:$C, (PokemonList!$B:$B=""5★"") * (BYROW(PokemonList!$D:$D, LAMBDA(row, OR(INDEX(ISNUMBER(SEARCH(SPLIT(row, ""/""), N9)))))))))"),"#N/A") -> #N/A
A10: 9 | B10: Charizard | C10: Flamethrower | D10: Fire | E10: 124 | F10: 105 | G10: 90 | H10: Special | I10: 114 | J10: 1 | K10: Fire, Grass, Bug, Steel | L10: =G10*I10 -> 10260 | M10: =L10/E10 -> 82.741935 | N10: #REF! | O10: =IFERROR(__xludf.DUMMYFUNCTION("TEXTJOIN("", "", TRUE, FILTER(PokemonList!$C:$C, (PokemonList!$B:$B=""6★"") * (BYROW(PokemonList!$D:$D, LAMBDA(row, OR(INDEX(ISNUMBER(SEARCH(SPLIT(row, ""/""), N10)))))))))"),"#N/A") -> #N/A | P10: =IFERROR(__xludf.DUMMYFUNCTION("TEXTJOIN("", "", TRUE, FILTER(PokemonList!$C:$C, (PokemonList!$B:$B=""5★"") * (BYROW(PokemonList!$D:$D, LAMBDA(row, OR(INDEX(ISNUMBER(SEARCH(SPLIT(row, ""/""), N10)))))))))"),"#N/A") -> #N/A
A11: 10 | B11: Blastoise | C11: Hydro Pump | D11: Water | E11: 124 | F11: 83 | G11: 110 | H11: Special | I11: 90 | J11: 1 | K11: Steel, Fire, Water, Ice | L11: =G11*I11 -> 9900 | M11: =L11/E11 -> 79.83871 | N11: #REF! | O11: =IFERROR(__xludf.DUMMYFUNCTION("TEXTJOIN("", "", TRUE, FILTER(PokemonList!$C:$C, (PokemonList!$B:$B=""6★"") * (BYROW(PokemonList!$D:$D, LAMBDA(row, OR(INDEX(ISNUMBER(SEARCH(SPLIT(row, ""/""), N11)))))))))"),"#N/A") -> #N/A | P11: =IFERROR(__xludf.DUMMYFUNCTION("TEXTJOIN("", "", TRUE, FILTER(PokemonList!$C:$C, (PokemonList!$B:$B=""5★"") * (BYROW(PokemonList!$D:$D, LAMBDA(row, OR(INDEX(ISNUMBER(SEARCH(SPLIT(row, ""/""), N11)))))))))"),"#N/A") -> #N/A
A12: 11 | B12: Vaporeon | C12: Hydro Pump | D12: Water | E12: 108 | F12: 62 | G12: 110 | H12: Special | I12: 101 | J12: 1 | K12: Steel, Fire, Water, Ice | L12: =G12*I12 -> 11110 | M12: =L12/E12 -> 102.87037 | N12: #REF! | O12: =IFERROR(__xludf.DUMMYFUNCTION("TEXTJOIN("", "", TRUE, FILTER(PokemonList!$C:$C, (PokemonList!$B:$B=""6★"") * (BYROW(PokemonList!$D:$D, LAMBDA(row, OR(INDEX(ISNUMBER(SEARCH(SPLIT(row, ""/""), N12)))))))))"),"#N/A") -> #N/A | P12: =IFERROR(__xludf.DUMMYFUNCTION("TEXTJOIN("", "", TRUE, FILTER(PokemonList!$C:$C, (PokemonList!$B:$B=""5★"") * (BYROW(PokemonList!$D:$D, LAMBDA(row, OR(INDEX(ISNUMBER(SEARCH(SPLIT(row, ""/""), N12)))))))))"),"#N/A") -> #N/A
A13: 12 | B13: Flareon | C13: Flamethrower | D13: Fire | E13: 108 | F13: 62 | G13: 110 | H13: Special | I13: 88 | J13: 1 | K13: Bug, Steel, Fire, Grass, Ice | L13: =G13*I13 -> 9680 | M13: =L13/E13 -> 89.62963 | N13: #REF! | O13: =IFERROR(__xludf.DUMMYFUNCTION("TEXTJOIN("", "", TRUE, FILTER(PokemonList!$C:$C, (PokemonList!$B:$B=""6★"") * (BYROW(PokemonList!$D:$D, LAMBDA(row, OR(INDEX(ISNUMBER(SEARCH(SPLIT(row, ""/""), N13)))))))))"),"#N/A") -> #N/A | P13: =IFERROR(__xludf.DUMMYFUNCTION("TEXTJOIN("", "", TRUE, FILTER(PokemonList!$C:$C, (PokemonList!$B:$B=""5★"") * (BYROW(PokemonList!$D:$D, LAMBDA(row, OR(INDEX(ISNUMBER(SEARCH(SPLIT(row, ""/""), N13)))))))))"),"#N/A") -> #N/A
A14: 13 | B14: Umbreon | C14: Dark Pulse | D14: Dark | E14: 112 | F14: 64 | G14: 80 | H14: Special | I14: 60 | J14: 1 | K14: Ghost, Dark | L14: =G14*I14 -> 4800 | M14: =L14/E14 -> 42.857143 | N14: #REF! | O14: =IFERROR(__xludf.DUMMYFUNCTION("TEXTJOIN("", "", TRUE, FILTER(PokemonList!$C:$C, (PokemonList!$B:$B=""6★"") * (BYROW(PokemonList!$D:$D, LAMBDA(row, OR(INDEX(ISNUMBER(SEARCH(SPLIT(row, ""/""), N14)))))))))"),"#N/A") -> #N/A | P14: =IFERROR(__xludf.DUMMYFUNCTION("TEXTJOIN("", "", TRUE, FILTER(PokemonList!$C:$C, (PokemonList!$B:$B=""5★"") * (BYROW(PokemonList!$D:$D, LAMBDA(row, OR(INDEX(ISNUMBER(SEARCH(SPLIT(row, ""/""), N14)))))))))"),"#N/A") -> #N/A
A15: 14 | B15: Glaceon | C15: Blizzard | D15: Ice | E15: 114 | F15: 66 | G15: 110 | H15: Special | I15: 127 | J15: 1 | K15: Ice | L15: =G15*I15 -> 13970 | M15: =L15/E15 -> 122.54386 | N15: #REF! | O15: =IFERROR(__xludf.DUMMYFUNCTION("TEXTJOIN("", "", TRUE, FILTER(PokemonList!$C:$C, (PokemonList!$B:$B=""6★"") * (BYROW(PokemonList!$D:$D, LAMBDA(row, OR(INDEX(ISNUMBER(SEARCH(SPLIT(row, ""/""), N15)))))))))"),"#N/A") -> #N/A | P15: =IFERROR(__xludf.DUMMYFUNCTION("TEXTJOIN("", "", TRUE, FILTER(PokemonList!$C:$C, (PokemonList!$B:$B=""5★"") * (BYROW(PokemonList!$D:$D, LAMBDA(row, OR(INDEX(ISNUMBER(SEARCH(SPLIT(row, ""/""), N15)))))))))"),"#N/A") -> #N/A
A16: 15 | B16: Pidgeot | C16: Hurricane | D16: Flying | E16: 100 | F16: 93 | G16: 110 | H16: Special | I16: 66 | J16: 1 | K16: Ground, Grass, Bug | L16: =G16*I16 -> 7260 | M16: =L16/E16 -> 72.6 | N16: #REF! | O16: =IFERROR(__xludf.DUMMYFUNCTION("TEXTJOIN("", "", TRUE, FILTER(PokemonList!$C:$C, (PokemonList!$B:$B=""6★"") * (BYROW(PokemonList!$D:$D, LAMBDA(row, OR(INDEX(ISNUMBER(SEARCH(SPLIT(row, ""/""), N16)))))))))"),"#N/A") -> #N/A | P16: =IFERROR(__xludf.DUMMYFUNCTION("TEXTJOIN("", "", TRUE, FILTER(PokemonList!$C:$C, (PokemonList!$B:$B=""5★"") * (BYROW(PokemonList!$D:$D, LAMBDA(row, OR(INDEX(ISNUMBER(SEARCH(SPLIT(row, ""/""), N16)))))))))"),"#N/A") -> #N/A
A17: 16 | B17: Gengar | C17: Shadow Ball | D17: Ghost | E17: 108 | F17: 106 | G17: 80 | H17: Special | I17: 124 | J17: 1 | K17: Normal, Fighting, Poison, Bug | L17: =G17*I17 -> 9920 | M17: =L17/E17 -> 91.851852 | N17: #REF! | O17: =IFERROR(__xludf.DUMMYFUNCTION("TEXTJOIN("", "", TRUE, FILTER(PokemonList!$C:$C, (PokemonList!$B:$B=""6★"") * (BYROW(PokemonList!$D:$D, LAMBDA(row, OR(INDEX(ISNUMBER(SEARCH(SPLIT(row, ""/""), N17)))))))))"),"#N/A") -> #N/A | P17: =IFERROR(__xludf.DUMMYFUNCTION("TEXTJOIN("", "", TRUE, FILTER(PokemonList!$C:$C, (PokemonList!$B:$B=""5★"") * (BYROW(PokemonList!$D:$D, LAMBDA(row, OR(INDEX(ISNUMBER(SEARCH(SPLIT(row, ""/""), N17)))))))))"),"#N/A") -> #N/A
A18: 17 | B18: Arcanine | C18: Fire Blast | D18: Fire | E18: 114 | F18: 88 | G18: 90 | H18: Special | I18: 93 | J18: 1 | K18: Bug, Steel, Fire, Grass, Ice | L18: =G18*I18 -> 8370 | M18: =L18/E18 -> 73.421053 | N18: #REF! | O18: =IFERROR(__xludf.DUMMYFUNCTION("TEXTJOIN("", "", TRUE, FILTER(PokemonList!$C:$C, (PokemonList!$B:$B=""6★"") * (BYROW(PokemonList!$D:$D, LAMBDA(row, OR(INDEX(ISNUMBER(SEARCH(SPLIT(row, ""/""), N18)))))))))"),"#N/A") -> #N/A | P18: =IFERROR(__xludf.DUMMYFUNCTION("TEXTJOIN("", "", TRUE, FILTER(PokemonList!$C:$C, (PokemonList!$B:$B=""5★"") * (BYROW(PokemonList!$D:$D, LAMBDA(row, OR(INDEX(ISNUMBER(SEARCH(SPLIT(row, ""/""), N18)))))))))"),"#N/A") -> #N/A
A19: 18 | B19: Rhyperior | C19: Earthquake | D19: Ground | E19: 110 | F19: 39 | G19: 100 | H19: Physical | I19: 53 | J19: 1 | K19: Poison, Rock, Electric | L19: =G19*I19 -> 5300 | M19: =L19/E19 -> 48.181818 | N19: #REF! | O19: =IFERROR(__xludf.DUMMYFUNCTION("TEXTJOIN("", "", TRUE, FILTER(PokemonList!$C:$C, (PokemonList!$B:$B=""6★"") * (BYROW(PokemonList!$D:$D, LAMBDA(row, OR(INDEX(ISNUMBER(SEARCH(SPLIT(row, ""/""), N19)))))))))"),"#N/A") -> #N/A | P19: =IFERROR(__xludf.DUMMYFUNCTION("TEXTJOIN("", "", TRUE, FILTER(PokemonList!$C:$C, (PokemonList!$B:$B=""5★"") * (BYROW(PokemonList!$D:$D, LAMBDA(row, OR(INDEX(ISNUMBER(SEARCH(SPLIT(row, ""/""), N19)))))))))"),"#N/A") -> #N/A
A20: 19 | B20: Pikachu(5☆) | C20: Thunderbolt | D20: Electric | E20: 96 | F20: 114 | G20: 90 | H20: Special | I20: 66 | J20: 1 | K20: Flying, Steel, Electric | L20: =G20*I20 -> 5940 | M20: =L20/E20 -> 61.875 | N20: #REF! | O20: =IFERROR(__xludf.DUMMYFUNCTION("TEXTJOIN("", "", TRUE, FILTER(PokemonList!$C:$C, (PokemonList!$B:$B=""6★"") * (BYROW(PokemonList!$D:$D, LAMBDA(row, OR(INDEX(ISNUMBER(SEARCH(SPLIT(row, ""/""), N20)))))))))"),"#N/A") -> #N/A | P20: =IFERROR(__xludf.DUMMYFUNCTION("TEXTJOIN("", "", TRUE, FILTER(PokemonList!$C:$C, (PokemonList!$B:$B=""5★"") * (BYROW(PokemonList!$D:$D, LAMBDA(row, OR(INDEX(ISNUMBER(SEARCH(SPLIT(row, ""/""), N20)))))))))"),"#N/A") -> #N/A
A21: 20 | B21: Flygon | C21: Dragon Claw | D21: Dragon | E21: 114 | F21: 107 | G21: 80 | H21: Physical | I21: 86 | J21: 1 | K21: Electric, Poison, Rock, Fire | L21: =G21*I21 -> 6880 | M21: =L21/E21 -> 60.350877 | N21: #REF! | O21: =IFERROR(__xludf.DUMMYFUNCTION("TEXTJOIN("", "", TRUE, FILTER(PokemonList!$C:$C, (PokemonList!$B:$B=""6★"") * (BYROW(PokemonList!$D:$D, LAMBDA(row, OR(INDEX(ISNUMBER(SEARCH(SPLIT(row, ""/""), N21)))))))))"),"#N/A") -> #N/A | P21: =IFERROR(__xludf.DUMMYFUNCTION("TEXTJOIN("", "", TRUE, FILTER(PokemonList!$C:$C, (PokemonList!$B:$B=""5★"") * (BYROW(PokemonList!$D:$D, LAMBDA(row, OR(INDEX(ISNUMBER(SEARCH(SPLIT(row, ""/""), N21)))))))))"),"#N/A") -> #N/A
A22: 21 | B22: Rillaboom | C22: Drum Beating | D22: Grass | E22: 108 | F22: 79 | G22: 80 | H22: Physical | I22: 57 | J22: 1 | K22: Ground, Water, Electric, Grass | L22: =G22*I22 -> 4560 | M22: =L22/E22 -> 42.222222 | N22: #REF! | O22: =IFERROR(__xludf.DUMMYFUNCTION("TEXTJOIN("", "", TRUE, FILTER(PokemonList!$C:$C, (PokemonList!$B:$B=""6★"") * (BYROW(PokemonList!$D:$D, LAMBDA(row, OR(INDEX(ISNUMBER(SEARCH(SPLIT(row, ""/""), N22)))))))))"),"#N/A") -> #N/A | P22: =IFERROR(__xludf.DUMMYFUNCTION("TEXTJOIN("", "", TRUE, FILTER(PokemonList!$C:$C, (PokemonList!$B:$B=""5★"") * (BYROW(PokemonList!$D:$D, LAMBDA(row, OR(INDEX(ISNUMBER(SEARCH(SPLIT(row, ""/""), N22)))))))))"),"#N/A") -> #N/A
A23: 22 | B23: Cinderace | C23: Pyro Ball | D23: Fire | E23: 108 | F23: 109 | G23: 120 | H23: Physical | I23: 62 | J23: 1 | K23: Bug, Steel, Fire, Grass, Ice | L23: =G23*I23 -> 7440 | M23: =L23/E23 -> 68.888889 | N23: #REF! | O23: =IFERROR(__xludf.DUMMYFUNCTION("TEXTJOIN("", "", TRUE, FILTER(PokemonList!$C:$C, (PokemonList!$B:$B=""6★"") * (BYROW(PokemonList!$D:$D, LAMBDA(row, OR(INDEX(ISNUMBER(SEARCH(SPLIT(row, ""/""), N23)))))))))"),"#N/A") -> #N/A | P23: =IFERROR(__xludf.DUMMYFUNCTION("TEXTJOIN("", "", TRUE, FILTER(PokemonList!$C:$C, (PokemonList!$B:$B=""5★"") * (BYROW(PokemonList!$D:$D, LAMBDA(row, OR(INDEX(ISNUMBER(SEARCH(SPLIT(row, ""/""), N23)))))))))"),"#N/A") -> #N/A
A24: 23 | B24: Inteleon | C24: Snipe Shot | D24: Water | E24: 108 | F24: 110 | G24: 80 | H24: Physical | I24: 115 | J24: 1 | K24: Steel, Fire, Water, Ice | L24: =G24*I24 -> 9200 | M24: =L24/E24 -> 85.185185 | N24: #REF! | O24: =IFERROR(__xludf.DUMMYFUNCTION("TEXTJOIN("", "", TRUE, FILTER(PokemonList!$C:$C, (PokemonList!$B:$B=""6★"") * (BYROW(PokemonList!$D:$D, LAMBDA(row, OR(INDEX(ISNUMBER(SEARCH(SPLIT(row, ""/""), N24)))))))))"),"#N/A") -> #N/A | P24: =IFERROR(__xludf.DUMMYFUNCTION("TEXTJOIN("", "", TRUE, FILTER(PokemonList!$C:$C, (PokemonList!$B:$B=""5★"") * (BYROW(PokemonList!$D:$D, LAMBDA(row, OR(INDEX(ISNUMBER(SEARCH(SPLIT(row, ""/""), N24)))))))))"),"#N/A") -> #N/A
A25: 24 | B25: Obstagoon | C25: Throat Chop | D25: Dark | E25: 112 | F25: 92 | G25: 70 | H25: Physical | I25: 60 | J25: 1 | K25: Ghost, Psychic, Dark | L25: =G25*I25 -> 4200 | M25: =L25/E25 -> 37.5 | N25: #REF! | O25: =IFERROR(__xludf.DUMMYFUNCTION("TEXTJOIN("", "", TRUE, FILTER(PokemonList!$C:$C, (PokemonList!$B:$B=""6★"") * (BYROW(PokemonList!$D:$D, LAMBDA(row, OR(INDEX(ISNUMBER(SEARCH(SPLIT(row, ""/""), N25)))))))))"),"#N/A") -> #N/A | P25: =IFERROR(__xludf.DUMMYFUNCTION("TEXTJOIN("", "", TRUE, FILTER(PokemonList!$C:$C, (PokemonList!$B:$B=""5★"") * (BYROW(PokemonList!$D:$D, LAMBDA(row, OR(INDEX(ISNUMBER(SEARCH(SPLIT(row, ""/""), N25)))))))))"),"#N/A") -> #N/A
A26: 25 | B26: Keldeo | C26: Secret Sword | D26: Fighting | E26: 122 | F26: 102 | G26: 85 | H26: Special | I26: 121 | J26: 1 | K26: Steel, Fire, Water, Ice, Dark | L26: =G26*I26 -> 10285 | M26: =L26/E26 -> 84.303279 | N26: #REF! | O26: =IFERROR(__xludf.DUMMYFUNCTION("TEXTJOIN("", "", TRUE, FILTER(PokemonList!$C:$C, (PokemonList!$B:$B=""6★"") * (BYROW(PokemonList!$D:$D, LAMBDA(row, OR(INDEX(ISNUMBER(SEARCH(SPLIT(row, ""/""), N26)))))))))"),"#N/A") -> #N/A | P26: =IFERROR(__xludf.DUMMYFUNCTION("TEXTJOIN("", "", TRUE, FILTER(PokemonList!$C:$C, (PokemonList!$B:$B=""5★"") * (BYROW(PokemonList!$D:$D, LAMBDA(row, OR(INDEX(ISNUMBER(SEARCH(SPLIT(row, ""/""), N26)))))))))"),"#N/A") -> #N/A
A27: 26 | B27: Sprigatito | C27: Leafage | D27: Grass | E27: 48 | F27: 41 | G27: 40 | H27: Physical | I27: 39 | J27: 1 | K27: Ground, Water, Electric, Grass | L27: =G27*I27 -> 1560 | M27: =L27/E27 -> 32.5 | N27: #REF! | O27: =IFERROR(__xludf.DUMMYFUNCTION("TEXTJOIN("", "", TRUE, FILTER(PokemonList!$C:$C, (PokemonList!$B:$B=""6★"") * (BYROW(PokemonList!$D:$D, LAMBDA(row, OR(INDEX(ISNUMBER(SEARCH(SPLIT(row, ""/""), N27)))))))))"),"#N/A") -> #N/A | P27: =IFERROR(__xludf.DUMMYFUNCTION("TEXTJOIN("", "", TRUE, FILTER(PokemonList!$C:$C, (PokemonList!$B:$B=""5★"") * (BYROW(PokemonList!$D:$D, LAMBDA(row, OR(INDEX(ISNUMBER(SEARCH(SPLIT(row, ""/""), N27)))))))))"),"#N/A") -> #N/A
A28: 27 | B28: Floragato | C28: Magical Leaf | D28: Grass | E28: 84 | F28: 74 | G28: 60 | H28: Special | I28: 55 | J28: 1 | K28: Ground, Water, Electric, Grass | L28: =G28*I28 -> 3300 | M28: =L28/E28 -> 39.285714 | N28: #REF! | O28: =IFERROR(__xludf.DUMMYFUNCTION("TEXTJOIN("", "", TRUE, FILTER(PokemonList!$C:$C, (PokemonList!$B:$B=""6★"") * (BYROW(PokemonList!$D:$D, LAMBDA(row, OR(INDEX(ISNUMBER(SEARCH(SPLIT(row, ""/""), N28)))))))))"),"#N/A") -> #N/A | P28: =IFERROR(__xludf.DUMMYFUNCTION("TEXTJOIN("", "", TRUE, FILTER(PokemonList!$C:$C, (PokemonList!$B:$B=""5★"") * (BYROW(PokemonList!$D:$D, LAMBDA(row, OR(INDEX(ISNUMBER(SEARCH(SPLIT(row, ""/""), N28)))))))))"),"#N/A") -> #N/A
A29: 28 | B29: Fuecoco | C29: Ember | D29: Fire | E29: 48 | F29: 25 | G29: 40 | H29: Special | I29: 40 | J29: 1 | K29: Bug, Steel, Fire, Grass, Ice, Fairy | L29: =G29*I29 -> 1600 | M29: =L29/E29 -> 33.333333 | N29: #REF! | O29: =IFERROR(__xludf.DUMMYFUNCTION("TEXTJOIN("", "", TRUE, FILTER(PokemonList!$C:$C, (PokemonList!$B:$B=""6★"") * (BYROW(PokemonList!$D:$D, LAMBDA(row, OR(INDEX(ISNUMBER(SEARCH(SPLIT(row, ""/""), N29)))))))))"),"#N/A") -> #N/A | P29: =IFERROR(__xludf.DUMMYFUNCTION("TEXTJOIN("", "", TRUE, FILTER(PokemonList!$C:$C, (PokemonList!$B:$B=""5★"") * (BYROW(PokemonList!$D:$D, LAMBDA(row, OR(INDEX(ISNUMBER(SEARCH(SPLIT(row, ""/""), N29)))))))))"),"#N/A") -> #N/A
A30: 29 | B30: Vikavolt | C30: Flamethrower | D30: Fire | E30: 84 | F30: 46 | G30: 60 | H30: Special | I30: 80 | J30: 1 | K30: Bug, Steel, Fire, Grass, Ice, Fairy | L30: =G30*I30 -> 4800 | M30: =L30/E30 -> 57.142857 | N30: #REF! | O30: =IFERROR(__xludf.DUMMYFUNCTION("TEXTJOIN("", "", TRUE, FILTER(PokemonList!$C:$C, (PokemonList!$B:$B=""6★"") * (BYROW(PokemonList!$D:$D, LAMBDA(row, OR(INDEX(ISNUMBER(SEARCH(SPLIT(row, ""/""), N30)))))))))"),"#N/A") -> #N/A | P30: =IFERROR(__xludf.DUMMYFUNCTION("TEXTJOIN("", "", TRUE, FILTER(PokemonList!$C:$C, (PokemonList!$B:$B=""5★"") * (BYROW(PokemonList!$D:$D, LAMBDA(row, OR(INDEX(ISNUMBER(SEARCH(SPLIT(row, ""/""), N30)))))))))"),"#N/A") -> #N/A
A31: 30 | B31: Quaxly | C31: Water Gun | D31: Water | E31: 48 | F31: 33 | G31: 40 | H31: Special | I31: 33 | J31: 1 | K31: Steel, Fire, Water, Ice | L31: =G31*I31 -> 1320 | M31: =L31/E31 -> 27.5 | N31: #REF! | O31: =IFERROR(__xludf.DUMMYFUNCTION("TEXTJOIN("", "", TRUE, FILTER(PokemonList!$C:$C, (PokemonList!$B:$B=""6★"") * (BYROW(PokemonList!$D:$D, LAMBDA(row, OR(INDEX(ISNUMBER(SEARCH(SPLIT(row, ""/""), N31)))))))))"),"#N/A") -> #N/A | P31: =IFERROR(__xludf.DUMMYFUNCTION("TEXTJOIN("", "", TRUE, FILTER(PokemonList!$C:$C, (PokemonList!$B:$B=""5★"") * (BYROW(PokemonList!$D:$D, LAMBDA(row, OR(INDEX(ISNUMBER(SEARCH(SPLIT(row, ""/""), N31)))))))))"),"#N/A") -> #N/A
A32: 31 | B32: Quaxwell | C32: Liquidation | D32: Water | E32: 84 | F32: 59 | G32: 60 | H32: Special | I32: 59 | J32: 1 | K32: Steel, Fire, Water, Ice | L32: =G32*I32 -> 3540 | M32: =L32/E32 -> 42.142857 | N32: #REF! | O32: =IFERROR(__xludf.DUMMYFUNCTION("TEXTJOIN("", "", TRUE, FILTER(PokemonList!$C:$C, (PokemonList!$B:$B=""6★"") * (BYROW(PokemonList!$D:$D, LAMBDA(row, OR(INDEX(ISNUMBER(SEARCH(SPLIT(row, ""/""), N32)))))))))"),"#N/A") -> #N/A | P32: =IFERROR(__xludf.DUMMYFUNCTION("TEXTJOIN("", "", TRUE, FILTER(PokemonList!$C:$C, (PokemonList!$B:$B=""5★"") * (BYROW(PokemonList!$D:$D, LAMBDA(row, OR(INDEX(ISNUMBER(SEARCH(SPLIT(row, ""/""), N32)))))))))"),"#N/A") -> #N/A
A33: 32 | B33: Grookey | C33: Branch Poke | D33: Grass | E33: 42 | F33: 36 | G33: 40 | H33: Physical | I33: 36 | J33: 1 | K33: Ground, Water, Electric, Grass | L33: =G33*I33 -> 1440 | M33: =L33/E33 -> 34.285714 | N33: #REF! | O33: =IFERROR(__xludf.DUMMYFUNCTION("TEXTJOIN("", "", TRUE, FILTER(PokemonList!$C:$C, (PokemonList!$B:$B=""6★"") * (BYROW(PokemonList!$D:$D, LAMBDA(row, OR(INDEX(ISNUMBER(SEARCH(SPLIT(row, ""/""), N33)))))))))"),"#N/A") -> #N/A | P33: =IFERROR(__xludf.DUMMYFUNCTION("TEXTJOIN("", "", TRUE, FILTER(PokemonList!$C:$C, (PokemonList!$B:$B=""5★"") * (BYROW(PokemonList!$D:$D, LAMBDA(row, OR(INDEX(ISNUMBER(SEARCH(SPLIT(row, ""/""), N33)))))))))"),"#N/A") -> #N/A
A34: 33 | B34: Thwackey | C34: Razor Leaf | D34: Grass | E34: 64 | F34: 53 | G34: 55 | H34: Physical | I34: 56 | J34: 0.95 | K34: Ground, Water, Electric, Grass | L34: =G34*I34 -> 3080 | M34: =L34/E34 -> 48.125 | N34: #REF! | O34: =IFERROR(__xludf.DUMMYFUNCTION("TEXTJOIN("", "", TRUE, FILTER(PokemonList!$C:$C, (PokemonList!$B:$B=""6★"") * (BYROW(PokemonList!$D:$D, LAMBDA(row, OR(INDEX(ISNUMBER(SEARCH(SPLIT(row, ""/""), N34)))))))))"),"#N/A") -> #N/A | P34: =IFERROR(__xludf.DUMMYFUNCTION("TEXTJOIN("", "", TRUE, FILTER(PokemonList!$C:$C, (PokemonList!$B:$B=""5★"") * (BYROW(PokemonList!$D:$D, LAMBDA(row, OR(INDEX(ISNUMBER(SEARCH(SPLIT(row, ""/""), N34)))))))))"),"#N/A") -> #N/A
A35: 34 | B35: Rillaboom | C35: Drum Beating | D35: Grass | E35: 90 | F35: 66 | G35: 77.5 | H35: Physical | I35: 95 | J35: 1 | K35: Ground, Water, Electric, Grass | L35: =G35*I35 -> 7362.5 | M35: =L35/E35 -> 81.805556 | N35: #REF! | O35: =IFERROR(__xludf.DUMMYFUNCTION("TEXTJOIN("", "", TRUE, FILTER(PokemonList!$C:$C, (PokemonList!$B:$B=""6★"") * (BYROW(PokemonList!$D:$D, LAMBDA(row, OR(INDEX(ISNUMBER(SEARCH(SPLIT(row, ""/""), N35)))))))))"),"#N/A") -> #N/A | P35: =IFERROR(__xludf.DUMMYFUNCTION("TEXTJOIN("", "", TRUE, FILTER(PokemonList!$C:$C, (PokemonList!$B:$B=""5★"") * (BYROW(PokemonList!$D:$D, LAMBDA(row, OR(INDEX(ISNUMBER(SEARCH(SPLIT(row, ""/""), N35)))))))))"),"#N/A") -> #N/A
A36: 35 | B36: Scorbunny | C36: Ember | D36: Fire | E36: 42 | F36: 38 | G36: 40 | H36: Special | I36: 24 | J36: 1 | K36: Bug, Steel, Fire, Grass, Ice, Fairy | L36: =G36*I36 -> 960 | M36: =L36/E36 -> 22.857143 | N36: #REF! | O36: =IFERROR(__xludf.DUMMYFUNCTION("TEXTJOIN("", "", TRUE, FILTER(PokemonList!$C:$C, (PokemonList!$B:$B=""6★"") * (BYROW(PokemonList!$D:$D, LAMBDA(row, OR(INDEX(ISNUMBER(SEARCH(SPLIT(row, ""/""), N36)))))))))"),"#N/A") -> #N/A | P36: =IFERROR(__xludf.DUMMYFUNCTION("TEXTJOIN("", "", TRUE, FILTER(PokemonList!$C:$C, (PokemonList!$B:$B=""5★"") * (BYROW(PokemonList!$D:$D, LAMBDA(row, OR(INDEX(ISNUMBER(SEARCH(SPLIT(row, ""/""), N36)))))))))"),"#N/A") -> #N/A
A37: 36 | B37: Raboot | C37: Flame Charge | D37: Fire | E37: 64 | F37: 61 | G37: 50 | H37: Physical | I37: 56 | J37: 1 | K37: Bug, Steel, Fire, Grass, Ice, Fairy | L37: =G37*I37 -> 2800 | M37: =L37/E37 -> 43.75 | N37: #REF! | O37: =IFERROR(__xludf.DUMMYFUNCTION("TEXTJOIN("", "", TRUE, FILTER(PokemonList!$C:$C, (PokemonList!$B:$B=""6★"") * (BYROW(PokemonList!$D:$D, LAMBDA(row, OR(INDEX(ISNUMBER(SEARCH(SPLIT(row, ""/""), N37)))))))))"),"#N/A") -> #N/A | P37: =IFERROR(__xludf.DUMMYFUNCTION("TEXTJOIN("", "", TRUE, FILTER(PokemonList!$C:$C, (PokemonList!$B:$B=""5★"") * (BYROW(PokemonList!$D:$D, LAMBDA(row, OR(INDEX(ISNUMBER(SEARCH(SPLIT(row, ""/""), N37)))))))))"),"#N/A") -> #N/A
A38: 37 | B38: Cinderace | C38: Pyro Ball | D38: Fire | E38: 90 | F38: 90 | G38: 85 | H38: Physical | I38: 88 | J38: 0.9 | K38: Bug, Steel, Fire, Grass, Ice, Fairy | L38: =G38*I38 -> 7480 | M38: =L38/E38 -> 83.111111 | N38: #REF! | O38: =IFERROR(__xludf.DUMMYFUNCTION("TEXTJOIN("", "", TRUE, FILTER(PokemonList!$C:$C, (PokemonList!$B:$B=""6★"") * (BYROW(PokemonList!$D:$D, LAMBDA(row, OR(INDEX(ISNUMBER(SEARCH(SPLIT(row, ""/""), N38)))))))))"),"#N/A") -> #N/A | P38: =IFERROR(__xludf.DUMMYFUNCTION("TEXTJOIN("", "", TRUE, FILTER(PokemonList!$C:$C, (PokemonList!$B:$B=""5★"") * (BYROW(PokemonList!$D:$D, LAMBDA(row, OR(INDEX(ISNUMBER(SEARCH(SPLIT(row, ""/""), N38)))))))))"),"#N/A") -> #N/A
A39: 38 | B39: Sobble | C39: Water Gun | D39: Water | E39: 42 | F39: 39 | G39: 40 | H39: Special | I39: 39 | J39: 1 | K39: Steel, Fire, Water, Ice | L39: =G39*I39 -> 1560 | M39: =L39/E39 -> 37.142857 | N39: #REF! | O39: =IFERROR(__xludf.DUMMYFUNCTION("TEXTJOIN("", "", TRUE, FILTER(PokemonList!$C:$C, (PokemonList!$B:$B=""6★"") * (BYROW(PokemonList!$D:$D, LAMBDA(row, OR(INDEX(ISNUMBER(SEARCH(SPLIT(row, ""/""), N39)))))))))"),"#N/A") -> #N/A | P39: =IFERROR(__xludf.DUMMYFUNCTION("TEXTJOIN("", "", TRUE, FILTER(PokemonList!$C:$C, (PokemonList!$B:$B=""5★"") * (BYROW(PokemonList!$D:$D, LAMBDA(row, OR(INDEX(ISNUMBER(SEARCH(SPLIT(row, ""/""), N39)))))))))"),"#N/A") -> #N/A
A40: 39 | B40: Drizzile | C40: Water Pulse | D40: Water | E40: 64 | F40: 59 | G40: 60 | H40: Special | I40: 62 | J40: 1 | K40: Steel, Fire, Water, Ice | L40: =G40*I40 -> 3720 | M40: =L40/E40 -> 58.125 | N40: #REF! | O40: =IFERROR(__xludf.DUMMYFUNCTION("TEXTJOIN("", "", TRUE, FILTER(PokemonList!$C:$C, (PokemonList!$B:$B=""6★"") * (BYROW(PokemonList!$D:$D, LAMBDA(row, OR(INDEX(ISNUMBER(SEARCH(SPLIT(row, ""/""), N40)))))))))"),"#N/A") -> #N/A | P40: =IFERROR(__xludf.DUMMYFUNCTION("TEXTJOIN("", "", TRUE, FILTER(PokemonList!$C:$C, (PokemonList!$B:$B=""5★"") * (BYROW(PokemonList!$D:$D, LAMBDA(row, OR(INDEX(ISNUMBER(SEARCH(SPLIT(row, ""/""), N40)))))))))"),"#N/A") -> #N/A
A41: 40 | B41: Inteleon | C41: Snipe Shot | D41: Water | E41: 90 | F41: 91 | G41: 80 | H41: Physical | I41: 66 | J41: 1 | K41: Steel, Fire, Water, Ice | L41: =G41*I41 -> 5280 | M41: =L41/E41 -> 58.666667 | N41: #REF! | O41: =IFERROR(__xludf.DUMMYFUNCTION("TEXTJOIN("", "", TRUE, FILTER(PokemonList!$C:$C, (PokemonList!$B:$B=""6★"") * (BYROW(PokemonList!$D:$D, LAMBDA(row, OR(INDEX(ISNUMBER(SEARCH(SPLIT(row, ""/""), N41)))))))))"),"#N/A") -> #N/A | P41: =IFERROR(__xludf.DUMMYFUNCTION("TEXTJOIN("", "", TRUE, FILTER(PokemonList!$C:$C, (PokemonList!$B:$B=""5★"") * (BYROW(PokemonList!$D:$D, LAMBDA(row, OR(INDEX(ISNUMBER(SEARCH(SPLIT(row, ""/""), N41)))))))))"),"#N/A") -> #N/A
A42: 41 | B42: Dedenne | C42: Nuzzle | D42: Electric | E42: 52 | F42: 55 | G42: 40 | H42: Special | I42: 44 | J42: 1 | K42: Fighting, Flying, Bug, Electric, Dark | L42: =G42*I42 -> 1760 | M42: =L42/E42 -> 33.846154 | N42: #REF! | O42: =IFERROR(__xludf.DUMMYFUNCTION("TEXTJOIN("", "", TRUE, FILTER(PokemonList!$C:$C, (PokemonList!$B:$B=""6★"") * (BYROW(PokemonList!$D:$D, LAMBDA(row, OR(INDEX(ISNUMBER(SEARCH(SPLIT(row, ""/""), N42)))))))))"),"#N/A") -> #N/A | P42: =IFERROR(__xludf.DUMMYFUNCTION("TEXTJOIN("", "", TRUE, FILTER(PokemonList!$C:$C, (PokemonList!$B:$B=""5★"") * (BYROW(PokemonList!$D:$D, LAMBDA(row, OR(INDEX(ISNUMBER(SEARCH(SPLIT(row, ""/""), N42)))))))))"),"#N/A") -> #N/A
A43: 42 | B43: Pikachu | C43: Thunderbolt | D43: Electric | E43: 60 | F43: 70 | G43: 65 | H43: Physical | I43: 44 | J43: 1 | K43: Flying, Steel, Electric | L43: =G43*I43 -> 2860 | M43: =L43/E43 -> 47.666667 | N43: #REF! | O43: =IFERROR(__xludf.DUMMYFUNCTION("TEXTJOIN("", "", TRUE, FILTER(PokemonList!$C:$C, (PokemonList!$B:$B=""6★"") * (BYROW(PokemonList!$D:$D, LAMBDA(row, OR(INDEX(ISNUMBER(SEARCH(SPLIT(row, ""/""), N43)))))))))"),"#N/A") -> #N/A | P43: =IFERROR(__xludf.DUMMYFUNCTION("TEXTJOIN("", "", TRUE, FILTER(PokemonList!$C:$C, (PokemonList!$B:$B=""5★"") * (BYROW(PokemonList!$D:$D, LAMBDA(row, OR(INDEX(ISNUMBER(SEARCH(SPLIT(row, ""/""), N43)))))))))"),"#N/A") -> #N/A
A44: 43 | B44: Raichu | C44: Thunder | D44: Electric | E44: 84 | F44: 84 | G44: 110 | H44: Special | I44: 69 | J44: 0.7 | K44: Flying, Steel, Electric | L44: =G44*I44 -> 7590 | M44: =L44/E44 -> 90.357143 | N44: #REF! | O44: =IFERROR(__xludf.DUMMYFUNCTION("TEXTJOIN("", "", TRUE, FILTER(PokemonList!$C:$C, (PokemonList!$B:$B=""6★"") * (BYROW(PokemonList!$D:$D, LAMBDA(row, OR(INDEX(ISNUMBER(SEARCH(SPLIT(row, ""/""), N44)))))))))"),"#N/A") -> #N/A | P44: =IFERROR(__xludf.DUMMYFUNCTION("TEXTJOIN("", "", TRUE, FILTER(PokemonList!$C:$C, (PokemonList!$B:$B=""5★"") * (BYROW(PokemonList!$D:$D, LAMBDA(row, OR(INDEX(ISNUMBER(SEARCH(SPLIT(row, ""/""), N44)))))))))"),"#N/A") -> #N/A
A45: 44 | B45: Eevee | C45: Swift | D45: Normal | E45: 60 | F45: 44 | G45: 60 | H45: Special | I45: 37 | J45: 1 | K45: Ghost | L45: =G45*I45 -> 2220 | M45: =L45/E45 -> 37 | N45: #REF! | O45: =IFERROR(__xludf.DUMMYFUNCTION("TEXTJOIN("", "", TRUE, FILTER(PokemonList!$C:$C, (PokemonList!$B:$B=""6★"") * (BYROW(PokemonList!$D:$D, LAMBDA(row, OR(INDEX(ISNUMBER(SEARCH(SPLIT(row, ""/""), N45)))))))))"),"#N/A") -> #N/A | P45: =IFERROR(__xludf.DUMMYFUNCTION("TEXTJOIN("", "", TRUE, FILTER(PokemonList!$C:$C, (PokemonList!$B:$B=""5★"") * (BYROW(PokemonList!$D:$D, LAMBDA(row, OR(INDEX(ISNUMBER(SEARCH(SPLIT(row, ""/""), N45)))))))))"),"#N/A") -> #N/A
A46: 45 | B46: Jolteon | C46: Thunder | D46: Electric | E46: 90 | F46: 99 | G46: 110 | H46: Special | I46: 84 | J46: 0.7 | K46: Flying, Steel, Electric | L46: =G46*I46 -> 9240 | M46: =L46/E46 -> 102.66667 | N46: #REF! | O46: =IFERROR(__xludf.DUMMYFUNCTION("TEXTJOIN("", "", TRUE, FILTER(PokemonList!$C:$C, (PokemonList!$B:$B=""6★"") * (BYROW(PokemonList!$D:$D, LAMBDA(row, OR(INDEX(ISNUMBER(SEARCH(SPLIT(row, ""/""), N46)))))))))"),"#N/A") -> #N/A | P46: =IFERROR(__xludf.DUMMYFUNCTION("TEXTJOIN("", "", TRUE, FILTER(PokemonList!$C:$C, (PokemonList!$B:$B=""5★"") * (BYROW(PokemonList!$D:$D, LAMBDA(row, OR(INDEX(ISNUMBER(SEARCH(SPLIT(row, ""/""), N46)))))))))"),"#N/A") -> #N/A
